timestamp,extinctions,pop,births,deaths,avg_size,avg_speed,avg_vision,max_lineage,max_age,max_energy,food_count,poison_count,radiation,day_cycle,epoch_age_sec
2026-09-23T03:16:47.910Z,0,23,3,0,1.290,1.600,85.0,1,12,185.2,106,40,0,0.64,0
2026-09-23T03:17:22.928Z,1,25,23,38,1.360,1.700,92.6,2,18,183.9,105,34,12,0.14,35
2026-09-23T03:18:09.109Z,2,30,66,96,1.330,1.620,88.3,2,13,182.0,105,38,13,0.79,81
2026-09-23T03:18:41.164Z,3,27,111,164,1.230,1.960,90.5,2,26,177.0,111,33,11,0.30,113
2026-09-23T03:19:27.340Z,4,30,165,235,1.220,1.820,95.5,1,17,181.5,110,33,11,0.02,160
2026-09-23T03:20:51.723Z,5,24,405,501,1.280,1.780,73.9,2,32,177.1,106,40,10,0.82,244
2026-09-23T03:21:25.823Z,6,25,439,554,1.290,1.610,98.3,1,28,94.0,115,33,10,0.05,278
2026-09-23T03:22:03.917Z,7,28,462,594,1.170,2.170,97.2,2,20,182.7,123,22,10,0.96,316
2026-09-23T03:22:34.024Z,8,21,487,646,1.450,1.770,92.2,1,33,203.3,100,45,10,0.04,346
2026-09-23T03:23:08.221Z,9,23,502,679,1.330,1.780,95.2,1,14,156.7,111,37,9,0.83,380
2026-09-23T03:23:58.362Z,10,22,526,724,1.600,1.550,95.4,1,15,100.2,110,37,12,0.99,431
2026-09-23T03:25:00.521Z,11,25,543,758,1.340,1.610,89.3,1,16,184.5,118,26,10,1.00,493
2026-09-23T03:25:36.706Z,12,20,567,807,1.720,1.700,90.5,1,19,188.6,108,39,11,0.11,529
2026-09-23T03:26:38.951Z,13,26,587,841,1.180,1.560,97.3,1,14,185.6,97,50,12,0.20,591
2026-09-23T03:27:07.022Z,14,26,603,877,1.200,1.800,89.7,2,10,97.5,115,33,12,0.88,619
2026-09-23T03:27:51.334Z,15,24,642,938,1.470,1.710,79.2,1,11,186.6,108,39,12,0.80,664
2026-09-23T03:28:39.388Z,16,27,665,978,1.230,2.150,90.8,3,28,179.8,108,37,13,0.22,712
2026-09-23T03:29:15.959Z,17,24,686,1022,1.380,1.820,104.7,1,23,181.0,104,34,11,0.46,748
2026-09-23T03:29:55.751Z,18,25,720,1075,1.420,1.680,76.3,1,13,183.9,117,32,13,0.95,788
2026-09-23T03:31:01.986Z,19,23,758,1135,1.520,1.700,72.7,1,32,151.8,124,22,9,0.99,854
2026-09-23T03:32:50.676Z,20,25,783,1178,1.200,1.960,100.1,2,27,180.1,108,36,12,0.77,963
2026-09-23T03:33:24.543Z,21,28,796,1208,1.390,1.720,88.9,2,28,175.5,99,42,20,0.08,997
2026-09-23T03:33:54.662Z,22,23,810,1247,1.430,1.820,87.7,2,5,98.8,105,43,9,0.92,1027
2026-09-23T03:35:02.951Z,23,21,818,1277,1.580,1.850,102.2,1,6,187.6,110,39,14,0.98,1095
2026-09-23T03:36:13.228Z,24,29,1091,1562,1.030,1.670,99.5,2,25,102.4,100,48,10,0.60,1165
2026-09-23T03:36:33.361Z,25,22,1102,1600,1.590,1.850,65.1,1,16,184.0,118,29,14,0.03,1186
2026-09-23T03:37:09.546Z,26,39,1142,1643,0.950,2.200,90.1,2,27,175.2,100,38,13,0.78,1222
2026-09-23T03:37:45.894Z,27,21,1195,1734,1.600,1.450,88.4,1,20,181.5,113,32,10,0.53,1258
2026-09-23T03:38:09.758Z,28,23,1205,1762,1.480,1.910,92.6,2,5,187.5,114,34,15,0.77,1282
2026-09-23T03:38:33.822Z,29,22,1224,1802,1.470,1.860,94.6,1,22,202.5,118,28,12,0.04,1306
2026-09-23T03:39:25.950Z,30,25,1252,1847,1.410,1.550,108.0,1,12,193.3,114,33,14,0.05,1358
2026-09-23T03:39:58.102Z,31,24,1273,1889,1.380,1.780,90.6,2,27,143.2,103,36,13,0.99,1390
2026-09-23T03:40:36.301Z,32,28,1290,1922,1.300,1.960,91.6,2,18,181.6,111,34,15,0.10,1429
2026-09-23T03:41:30.474Z,33,24,1314,1970,1.330,1.760,89.9,1,6,187.2,116,31,13,0.00,1483
2026-09-23T03:41:56.589Z,34,22,1332,2010,1.570,1.890,99.5,1,21,180.4,111,35,13,0.97,1509
2026-09-23T03:42:24.640Z,35,23,1352,2049,1.410,1.780,89.7,1,11,184.0,121,27,13,0.08,1537
2026-09-23T03:43:30.924Z,36,21,1371,2090,1.490,1.510,100.8,1,24,106.9,116,31,15,0.00,1603
2026-09-23T03:44:23.018Z,37,22,1391,2129,1.630,1.330,100.7,1,20,181.1,113,35,15,0.13,1655
2026-09-23T03:44:59.159Z,38,22,1401,2159,1.390,1.670,100.8,1,21,201.8,116,31,14,1.00,1691
2026-09-23T03:45:21.287Z,39,26,1417,2191,1.230,1.630,81.5,2,18,181.0,105,43,14,0.20,1714
2026-09-23T03:45:59.368Z,40,22,1429,2227,1.330,1.630,90.7,1,17,184.3,114,34,12,1.00,1752
2026-09-23T03:46:29.476Z,41,22,1456,2274,1.440,1.790,81.5,3,7,186.7,108,39,15,0.00,1782
2026-09-23T03:47:05.623Z,42,27,1486,2319,1.180,1.550,91.4,1,7,98.2,113,33,13,0.92,1818
2026-09-23T03:47:35.724Z,43,33,1522,2369,1.170,1.670,87.0,2,11,185.1,112,30,13,0.08,1848
2026-09-23T03:48:52.027Z,44,31,1608,2477,1.200,1.570,82.0,3,7,98.2,109,35,15,0.83,1924
2026-09-23T03:49:22.030Z,45,22,1631,2529,1.480,1.820,85.6,1,31,175.8,116,29,14,0.17,1954
2026-09-23T03:49:49.159Z,46,20,1652,2572,1.570,1.790,92.1,0,17,182.3,114,36,13,0.70,1981
2026-09-23T03:50:47.246Z,47,19,1665,2606,1.630,1.840,72.6,2,34,134.9,101,46,12,0.61,2039
2026-09-23T03:51:14.562Z,48,26,1679,2633,1.310,1.660,83.6,2,25,178.7,98,43,11,0.53,2067
2026-09-23T03:51:52.652Z,49,26,1692,2666,1.250,1.640,94.0,1,18,183.0,107,42,13,0.85,2105
2026-09-23T03:52:42.843Z,50,26,1727,2721,1.160,2.020,86.5,3,27,106.4,106,37,13,0.38,2155
2026-09-23T03:53:14.982Z,51,26,1741,2755,1.340,1.700,90.5,1,20,95.0,100,48,15,0.51,2187
2026-09-23T03:53:47.987Z,52,31,1767,2796,1.190,1.850,85.1,3,35,203.9,106,31,15,0.63,2220
2026-09-23T03:54:23.182Z,53,31,1798,2847,1.040,1.740,86.7,2,20,101.5,108,36,13,0.13,2255
2026-09-23T03:54:45.296Z,54,24,1820,2896,1.370,1.550,89.8,2,5,188.3,124,23,13,0.51,2278
2026-09-23T03:55:15.709Z,55,25,1850,2945,1.420,1.610,90.7,1,34,176.3,109,32,14,0.49,2308
2026-09-23T03:55:57.494Z,56,24,2000,3116,1.260,1.740,89.2,1,1,189.5,115,34,12,0.98,2350
2026-09-23T03:56:51.763Z,57,29,2044,3175,1.120,1.370,88.0,2,32,94.5,102,45,14,0.82,2404
2026-09-23T03:57:57.912Z,58,20,2287,3447,1.440,1.500,92.2,1,28,178.5,111,27,13,0.99,2470
2026-09-23T03:58:28.019Z,59,24,2299,3475,1.540,1.770,98.5,1,26,199.3,113,33,14,0.01,2500
2026-09-23T03:59:22.293Z,60,23,2310,3507,1.490,1.850,91.1,1,13,184.2,116,31,11,0.16,2555
2026-09-23T03:59:58.460Z,61,31,2364,3573,1.030,1.880,103.9,2,17,182.0,112,27,13,0.99,2591
2026-09-23T04:00:28.540Z,62,21,2399,3638,1.390,1.930,95.2,1,12,96.7,109,39,13,0.01,2621
2026-09-23T04:01:04.692Z,63,24,2417,3673,1.300,1.720,87.7,2,2,99.5,103,45,13,0.94,2657
2026-09-23T04:01:46.954Z,64,20,2450,3730,1.610,1.570,91.0,1,23,202.9,109,39,12,0.59,2699
2026-09-23T04:02:20.978Z,65,27,2464,3757,1.290,1.780,95.4,2,12,157.0,112,29,13,0.21,2733
2026-09-23T04:03:05.125Z,66,25,2485,3800,1.300,1.780,89.6,2,9,185.7,110,32,15,0.93,2777
2026-09-23T04:03:29.282Z,67,20,2577,3917,1.480,1.700,88.9,1,26,181.1,107,34,16,0.00,2802
2026-09-23T04:04:23.454Z,68,29,2593,3944,1.340,1.960,69.2,2,27,181.8,108,34,18,0.12,2856
2026-09-23T04:04:51.507Z,69,31,2634,4003,1.210,1.710,110.0,3,24,175.0,106,37,18,0.81,2884
2026-09-23T04:05:19.681Z,70,24,2661,4057,1.490,1.590,89.9,1,8,186.5,122,26,18,0.27,2912
2026-09-23T04:06:01.863Z,71,29,2679,4090,1.260,2.020,74.0,3,15,183.3,103,40,19,0.99,2954
2026-09-23T04:06:23.981Z,72,22,2749,4187,1.540,1.780,94.3,1,5,187.0,109,41,17,0.10,2976
2026-09-23T04:07:04.223Z,73,36,2768,4212,0.970,1.580,103.2,2,31,172.4,107,29,18,0.96,3016
2026-09-23T04:07:42.317Z,74,28,2789,4261,1.180,1.960,93.0,2,22,177.6,105,40,18,0.35,3055
2026-09-23T04:08:12.523Z,75,23,2807,4304,1.240,1.930,86.8,1,33,217.0,104,42,20,0.64,3085
2026-09-23T04:08:47.022Z,76,24,2827,4343,1.480,1.860,74.9,1,15,183.2,118,26,17,0.59,3119
2026-09-23T04:09:24.817Z,77,35,2857,4382,1.120,1.460,85.9,2,15,182.0,100,42,20,0.08,3157
2026-09-23T04:10:07.028Z,78,26,2895,4449,1.200,1.740,82.2,1,1,189.6,119,27,17,0.88,3199
2026-09-23T04:10:51.150Z,79,36,2930,4494,1.090,1.850,96.8,3,14,181.3,105,36,19,0.79,3243
2026-09-23T04:11:17.416Z,80,26,2980,4574,1.140,1.630,75.4,2,27,176.0,107,39,19,0.39,3270
2026-09-23T04:11:48.328Z,81,20,2990,4610,1.700,1.750,95.5,1,41,167.6,104,32,19,0.65,3300
2026-09-23T04:12:11.530Z,82,26,3004,4638,1.390,1.680,83.1,2,21,176.6,115,30,21,0.69,3324
2026-09-23T04:12:48.360Z,83,23,3078,4735,1.210,1.460,94.2,2,25,178.2,105,42,15,0.63,3360
2026-09-23T04:14:01.935Z,84,20,3095,4775,1.370,1.740,83.0,1,22,179.3,114,31,17,0.99,3434
2026-09-23T04:14:34.071Z,85,34,3121,4807,1.120,1.990,85.3,4,34,177.7,103,33,16,0.04,3466
2026-09-23T04:15:06.126Z,86,21,3133,4852,1.580,1.920,102.0,1,23,178.8,115,34,16,0.91,3498
2026-09-23T04:15:36.233Z,87,22,3140,4878,1.610,1.770,82.8,1,11,185.1,116,32,15,0.10,3528
2026-09-23T04:16:24.461Z,88,25,3155,4910,1.260,1.600,85.6,1,8,98.1,108,40,15,0.09,3577
2026-09-23T04:17:34.817Z,89,23,3175,4952,1.420,1.750,89.1,1,9,103.6,111,33,15,0.06,3647
2026-09-23T04:18:06.964Z,90,22,3200,4998,1.750,1.610,90.1,1,2,114.0,107,42,17,0.88,3679
2026-09-23T04:18:53.146Z,91,21,3209,5028,1.640,1.850,88.7,1,5,127.5,112,36,17,0.87,3725
2026-09-23T04:19:17.808Z,92,26,3223,5057,1.250,1.670,80.8,3,32,215.9,112,32,17,0.38,3750
2026-09-23T04:19:59.301Z,93,24,3274,5130,1.440,1.660,95.1,2,26,92.9,112,31,17,1.00,3791
2026-09-23T04:20:19.473Z,94,20,3285,5165,1.640,1.440,81.0,1,15,138.1,113,35,17,0.28,3812
2026-09-23T04:20:43.564Z,95,21,3299,5198,1.520,1.690,102.6,2,13,95.6,111,38,17,0.42,3836
2026-09-23T04:21:25.629Z,96,23,3323,5240,1.480,1.670,80.2,1,23,129.0,116,26,15,0.06,3878
2026-09-23T04:23:06.079Z,97,23,3401,5338,1.340,1.660,95.9,2,8,193.5,107,41,13,0.91,3978
2026-09-23T04:23:42.230Z,98,22,3418,5376,1.680,1.990,85.3,1,25,179.5,121,18,15,0.35,4014
2026-09-23T04:24:14.354Z,99,29,3447,5418,1.300,1.700,84.3,2,14,183.6,105,36,15,0.54,4047
2026-09-23T04:24:58.517Z,100,22,3478,5476,1.330,1.660,85.5,1,29,177.4,103,35,15,0.99,4091
2026-09-23T04:25:30.671Z,101,20,3484,5504,1.710,1.880,94.2,1,27,177.3,113,35,16,0.00,4123
2026-09-23T04:25:56.788Z,102,23,3492,5529,1.320,1.670,95.0,1,7,187.4,114,35,15,0.97,4149
2026-09-23T04:26:30.883Z,103,23,3511,5568,1.370,1.840,89.3,1,10,186.0,109,38,17,0.00,4183
2026-09-23T04:27:00.990Z,104,28,3544,5616,1.240,1.690,99.0,1,4,187.8,108,37,17,1.00,4213
2026-09-23T04:27:33.168Z,105,28,3577,5669,1.100,1.650,83.6,1,9,97.9,107,42,15,0.02,4245
2026-09-23T04:28:07.242Z,106,29,3610,5721,1.160,1.910,87.3,2,25,185.0,112,30,15,0.87,4279
2026-09-23T04:28:37.350Z,107,22,3631,5769,1.520,1.730,82.8,3,32,174.5,104,42,17,0.13,4310
2026-09-23T04:30:01.725Z,108,37,3670,5813,1.110,1.910,65.8,3,30,228.5,107,29,17,0.99,4394
2026-09-23T04:30:49.856Z,109,24,3704,5880,1.200,2.110,78.5,2,7,119.6,118,31,15,0.74,4442
2026-09-23T04:31:16.250Z,110,23,3740,5937,1.350,1.740,100.4,1,7,187.3,119,29,15,0.45,4468
2026-09-23T04:31:52.125Z,111,29,3766,5977,1.160,1.670,78.0,2,29,179.7,96,42,17,0.83,4504
2026-09-23T04:32:24.271Z,112,24,3783,6019,1.300,1.680,93.0,1,12,102.5,111,37,16,0.09,4536
2026-09-23T04:33:06.361Z,113,26,3810,6064,1.330,1.650,90.8,2,25,181.5,105,39,14,0.90,4579
2026-09-23T04:33:36.469Z,114,27,3836,6109,1.290,1.570,90.5,2,19,138.3,112,36,17,0.10,4609
2026-09-23T04:34:40.770Z,115,35,3875,6160,1.250,2.050,107.3,3,30,174.4,104,32,21,0.28,4673
2026-09-23T04:35:04.839Z,116,25,3943,6258,1.340,1.460,82.7,1,4,98.7,118,32,21,0.94,4697
2026-09-23T04:35:30.857Z,117,20,3968,6308,1.660,2.000,92.9,0,0,100.0,116,34,14,0.00,4723
2026-09-23T04:35:59.010Z,118,22,3984,6342,1.580,1.930,95.2,1,24,179.2,109,39,12,1.00,4751
2026-09-23T04:36:21.131Z,119,21,3990,6369,1.440,2.220,78.2,1,9,156.6,117,32,13,0.21,4773
2026-09-23T04:37:03.212Z,120,33,4028,6415,1.020,2.230,93.2,3,29,225.8,93,40,12,0.98,4815
2026-09-23T04:37:31.270Z,121,23,4068,6485,1.620,1.640,91.9,1,34,180.4,110,33,12,0.00,4843
2026-09-23T04:38:11.519Z,122,23,4086,6523,1.590,1.900,88.5,3,18,95.4,102,37,12,0.69,4884
2026-09-23T04:38:43.564Z,123,22,4094,6552,1.360,2.000,87.1,1,23,116.7,103,42,12,0.42,4916
2026-09-23T04:39:39.791Z,124,25,4105,6580,1.310,1.530,82.4,1,31,183.9,114,34,13,0.23,4972
2026-09-23T04:40:13.886Z,125,27,4141,6634,1.370,1.670,98.4,2,18,182.1,115,33,13,0.57,5006
2026-09-23T04:40:46.320Z,126,22,4175,6693,1.610,1.890,97.8,2,7,98.2,104,45,12,0.56,5038
2026-09-23T04:41:34.357Z,127,23,4186,6723,1.280,1.420,80.9,1,50,171.4,106,35,12,0.05,5087
2026-09-23T04:42:36.427Z,128,22,4314,6872,1.490,2.000,96.8,1,31,178.3,117,31,12,0.10,5149
2026-09-23T04:43:04.588Z,129,30,4326,6896,1.060,1.920,94.0,2,10,102.6,101,41,12,0.95,5177
2026-09-23T04:43:34.692Z,130,25,4350,6945,1.250,1.630,98.8,1,15,106.7,117,31,12,0.05,5207
2026-09-23T04:44:02.760Z,131,30,4366,6976,1.130,1.750,92.5,2,6,187.6,118,29,12,0.98,5235
2026-09-23T04:44:40.843Z,132,21,4386,7025,1.520,1.490,81.4,1,23,181.4,104,41,14,0.28,5273
2026-09-23T04:45:20.986Z,133,24,4396,7052,1.420,1.720,73.2,2,17,184.1,110,34,12,0.21,5313
2026-09-23T04:46:01.128Z,134,24,4411,7087,1.320,1.610,74.2,1,3,99.4,109,37,12,1.00,5353
2026-09-23T04:46:57.371Z,135,24,4456,7152,1.150,1.820,89.6,1,2,99.5,115,33,12,0.98,5410
2026-09-23T04:47:33.491Z,136,23,4495,7212,1.590,2.050,99.2,2,31,177.6,104,40,12,0.03,5446
2026-09-23T04:48:15.582Z,137,23,4503,7240,1.410,1.870,84.5,3,9,193.2,109,36,12,0.48,5488
2026-09-23T04:48:55.727Z,138,25,4580,7335,1.340,2.030,82.6,2,25,189.2,103,41,12,0.95,5528
2026-09-23T04:49:25.851Z,139,24,4592,7368,1.240,1.840,85.0,1,17,142.6,109,38,12,0.05,5558
2026-09-23T04:50:08.018Z,140,22,4604,7402,1.470,1.780,80.0,1,8,187.0,111,39,12,0.84,5600
2026-09-23T04:50:42.111Z,141,23,4632,7449,1.480,2.060,101.2,1,11,96.3,119,29,12,0.34,5634
2026-09-23T04:51:10.172Z,142,23,4659,7496,1.290,1.720,89.9,1,6,171.1,106,43,12,0.75,5662
2026-09-23T04:51:38.348Z,143,23,4683,7540,1.430,1.620,87.4,1,5,187.5,111,38,12,0.17,5691
2026-09-23T04:52:17.440Z,144,27,4698,7571,1.270,1.670,97.4,2,4,99.1,112,34,11,0.39,5729
2026-09-23T04:52:47.334Z,145,27,4714,7607,1.130,1.750,86.7,2,6,143.2,101,45,12,0.61,5759
2026-09-23T04:53:08.652Z,146,26,4775,7689,1.270,1.810,85.6,2,8,98.0,117,33,12,0.82,5781
2026-09-23T04:54:10.913Z,147,24,4791,7727,1.420,1.590,101.9,1,21,203.7,111,34,10,0.72,5843
2026-09-23T04:54:45.022Z,148,32,4814,7762,0.970,1.850,96.9,3,22,139.9,119,25,12,0.49,5877
2026-09-23T04:56:15.338Z,149,26,4902,7876,1.150,1.630,98.0,2,28,190.3,114,35,12,0.49,5967
2026-09-23T04:57:27.629Z,150,24,5006,8002,1.370,2.020,109.1,2,17,224.7,116,29,12,0.02,6040
2026-09-23T04:58:07.769Z,151,20,5028,8048,1.620,1.800,82.4,0,30,176.7,113,29,14,0.85,6080
2026-09-23T04:58:55.898Z,152,28,5042,8074,1.340,1.820,94.1,2,9,109.3,106,40,16,0.95,6128
2026-09-23T04:59:26.001Z,153,28,5066,8118,1.160,1.920,101.3,2,21,181.0,108,40,12,0.05,6158
2026-09-23T05:00:54.273Z,154,20,5225,8305,1.520,2.060,94.3,1,10,192.3,97,45,16,0.91,6246
2026-09-23T05:01:16.585Z,155,22,5235,8333,1.550,1.710,81.4,1,6,98.2,108,40,16,0.43,6269
2026-09-23T05:01:54.490Z,156,23,5244,8361,1.390,1.650,84.9,2,7,98.1,114,35,14,0.91,6307
2026-09-23T05:02:18.906Z,157,24,5256,8392,1.480,1.480,85.3,1,12,168.5,115,34,14,0.33,6331
2026-09-23T05:02:50.703Z,158,27,5269,8422,1.200,1.660,91.9,2,10,118.4,107,40,14,0.77,6363
2026-09-23T05:03:12.741Z,159,20,5280,8460,1.600,1.730,92.7,1,1,107.1,118,31,14,0.63,6385
2026-09-23T05:03:40.898Z,160,22,5294,8492,1.280,1.800,83.8,1,19,181.4,105,38,13,0.28,6413
2026-09-23T05:04:14.981Z,161,31,5319,8528,1.140,1.600,91.7,2,21,179.4,96,44,13,0.51,6447
2026-09-23T05:04:33.002Z,162,23,5342,8579,1.510,1.610,91.6,1,1,189.5,107,42,16,0.02,6465
2026-09-23T05:05:13.176Z,163,25,5362,8617,1.160,1.790,98.8,3,3,121.6,103,45,16,0.61,6505
2026-09-23T05:05:33.218Z,164,24,5382,8658,1.330,1.840,99.2,2,20,177.5,112,35,19,0.02,6525
2026-09-23T05:06:25.338Z,165,25,5391,8686,1.040,1.880,95.6,1,4,99.1,114,36,19,0.06,6577
2026-09-23T05:06:49.870Z,166,29,5441,8752,1.130,1.730,81.1,2,17,154.4,105,43,19,0.73,6602
2026-09-23T05:07:21.569Z,167,20,5476,8816,1.290,2.040,96.9,0,0,100.0,114,36,19,0.19,6634
2026-09-23T05:07:48.736Z,168,24,5513,8869,1.470,2.150,82.5,1,18,182.4,102,42,19,0.66,6661
2026-09-23T05:08:23.814Z,169,24,5522,8898,1.480,1.860,91.6,1,20,180.3,104,44,20,0.11,6696
2026-09-23T05:08:48.121Z,170,26,5535,8929,1.170,1.940,100.9,1,1,99.7,113,36,20,0.65,6720
2026-09-23T05:09:26.079Z,171,24,5575,8991,1.220,1.450,94.2,1,17,98.6,107,39,18,0.05,6758
2026-09-23T05:10:02.226Z,172,24,5597,9033,1.390,1.550,92.6,1,26,154.0,103,46,21,0.99,6794
2026-09-23T05:10:22.298Z,173,24,5605,9061,1.480,2.060,81.5,2,4,99.0,103,45,16,0.16,6814
2026-09-23T05:10:52.402Z,174,26,5628,9102,1.300,1.910,86.7,2,10,185.5,117,31,16,0.84,6845
2026-09-23T05:11:28.553Z,175,31,5648,9137,1.200,1.900,76.4,3,23,201.4,99,43,19,0.01,6881
2026-09-23T05:11:44.627Z,176,20,5657,9177,1.640,1.830,89.9,1,28,176.5,117,30,19,0.47,6897
2026-09-23T05:12:08.690Z,177,26,5664,9198,1.350,1.580,95.1,1,10,185.0,116,28,18,0.82,6921
2026-09-23T05:13:04.909Z,178,22,5678,9236,1.650,2.010,91.3,1,24,179.4,114,31,20,0.94,6977
2026-09-23T05:13:33.070Z,179,24,5697,9273,1.310,1.780,77.4,1,14,183.6,108,32,18,0.02,7005
2026-09-23T05:14:05.133Z,180,19,5713,9314,1.680,1.580,91.1,1,13,182.8,115,33,19,0.94,7037
2026-09-23T05:14:29.180Z,181,26,5726,9340,1.170,1.560,93.2,2,15,98.1,111,36,19,0.00,7061
2026-09-23T05:15:07.379Z,182,22,5758,9396,1.500,1.890,84.0,1,20,184.5,96,45,15,0.87,7100
2026-09-23T05:15:29.395Z,183,19,5766,9427,1.460,1.630,89.4,1,28,216.0,100,41,13,0.00,7122
2026-09-23T05:16:09.556Z,184,27,5778,9451,1.150,1.650,79.9,2,3,117.4,110,40,13,0.78,7162
2026-09-23T05:16:50.965Z,185,24,5805,9501,1.410,2.060,87.5,1,10,193.1,107,34,13,0.73,7202
2026-09-23T05:17:15.790Z,186,27,5832,9545,1.320,1.850,93.4,2,24,179.9,108,35,12,0.47,7228
2026-09-23T05:17:51.945Z,187,23,5862,9599,1.350,1.380,89.4,1,30,177.7,106,39,18,0.82,7264
2026-09-23T05:18:13.954Z,188,26,5878,9632,1.400,1.700,109.0,1,26,180.9,101,40,18,0.57,7286
2026-09-23T05:18:48.320Z,189,26,5889,9663,1.240,1.780,96.4,2,7,111.8,119,26,16,0.65,7320
2026-09-23T05:19:22.251Z,190,27,5930,9723,1.280,2.150,82.6,3,32,137.9,110,36,15,0.16,7354
2026-09-23T05:20:06.393Z,191,27,5954,9767,1.160,2.110,99.7,1,29,174.2,115,28,18,0.90,7399
2026-09-23T05:20:36.507Z,192,21,6003,9842,1.500,1.470,105.8,1,2,108.6,119,30,14,0.10,7429
2026-09-23T05:21:06.604Z,193,22,6011,9869,1.530,1.670,92.8,1,29,180.2,103,43,13,0.89,7459
2026-09-23T05:21:36.714Z,194,23,6019,9896,1.310,1.940,83.1,2,26,181.6,108,35,13,0.11,7489
2026-09-23T05:22:06.825Z,195,23,6046,9943,1.520,1.840,95.0,1,3,99.3,109,38,13,0.89,7519
2026-09-23T05:22:47.751Z,196,22,6134,10052,1.420,1.700,81.7,1,14,192.1,110,37,13,0.63,7560
2026-09-23T05:23:27.100Z,197,27,6149,10082,1.330,1.730,90.4,1,5,98.6,117,31,20,0.03,7599
2026-09-23T05:24:09.288Z,198,24,6199,10155,1.300,1.890,81.7,1,9,186.0,114,36,21,0.79,7641
2026-09-23T05:24:31.304Z,199,27,6211,10184,1.210,2.000,102.4,1,5,98.4,110,38,19,0.00,7663
2026-09-23T05:24:57.418Z,200,27,6233,10226,1.120,1.840,96.1,3,33,179.0,101,43,20,0.98,7690
2026-09-23T05:25:27.520Z,201,27,6250,10263,1.370,1.660,96.2,1,33,172.9,96,36,18,0.02,7720
2026-09-23T05:26:05.718Z,202,27,6259,10292,1.450,1.780,83.9,3,12,185.0,104,41,19,0.92,7758
2026-09-23T05:26:37.782Z,203,23,6269,10326,1.340,1.910,88.3,1,1,99.7,117,32,21,0.15,7790
2026-09-23T05:27:11.868Z,204,27,6287,10360,1.310,2.040,89.0,3,26,179.3,98,46,21,0.67,7824
2026-09-23T05:27:35.013Z,205,26,6304,10398,1.040,2.030,103.1,2,20,178.0,113,33,18,0.06,7847
2026-09-23T05:28:06.142Z,206,24,6406,10522,1.310,1.920,92.3,2,10,190.1,113,32,21,0.91,7878
2026-09-23T05:28:30.207Z,207,25,6442,10577,1.140,1.870,79.2,1,3,188.8,109,39,19,0.00,7902
2026-09-23T05:29:32.481Z,208,26,6477,10631,1.160,2.060,89.3,1,33,174.8,102,41,20,0.01,7965
2026-09-23T05:30:26.763Z,209,30,6502,10672,1.230,1.650,82.3,2,22,179.4,105,31,17,0.03,8019
2026-09-23T05:31:12.823Z,210,25,6537,10732,1.390,1.760,94.5,2,14,183.5,112,32,17,0.63,8065
2026-09-23T05:31:40.883Z,211,28,6546,10758,1.370,1.810,95.5,2,11,156.8,109,37,16,0.28,8093
2026-09-23T05:32:59.217Z,212,26,6599,10833,1.200,1.710,80.0,2,25,181.9,102,40,16,1.00,8171
2026-09-23T05:33:27.280Z,213,26,6633,10887,1.340,1.850,90.2,2,28,180.5,102,41,16,0.02,8199
2026-09-23T05:34:03.429Z,214,24,6660,10936,1.390,1.620,86.8,2,21,179.8,122,23,16,0.97,8236
2026-09-23T05:34:43.565Z,215,24,6695,10991,1.440,1.820,102.8,1,1,99.7,120,30,16,0.41,8276
2026-09-23T05:35:05.695Z,216,22,6711,11029,1.380,1.920,103.0,1,1,107.0,113,36,16,0.92,8298
2026-09-23T05:35:51.865Z,217,26,6733,11067,1.310,1.630,104.0,2,29,177.7,106,37,17,0.82,8344
2026-09-23T05:36:18.154Z,218,21,6751,11110,1.540,1.490,98.4,1,5,187.7,102,43,17,0.36,8370
2026-09-23T05:36:43.993Z,219,29,6768,11139,1.210,1.620,100.9,2,16,137.4,113,31,16,0.43,8396
2026-09-23T05:37:14.092Z,220,23,6790,11187,1.490,1.980,89.0,1,30,177.3,116,28,16,0.56,8426
2026-09-23T05:37:52.192Z,221,23,6800,11217,1.360,1.800,91.7,1,16,183.7,107,40,16,0.83,8464
2026-09-23T05:38:50.458Z,222,24,6829,11265,1.500,1.690,95.2,2,7,187.3,107,39,17,0.76,8523
2026-09-23T05:39:48.986Z,223,26,6843,11297,1.190,1.850,91.4,2,24,181.3,112,36,17,0.67,8581
2026-09-23T05:40:14.732Z,224,22,6866,11344,1.280,2.070,89.2,1,24,179.5,109,39,16,0.53,8607
2026-09-23T05:40:42.868Z,225,25,6878,11373,1.400,1.590,98.6,1,28,117.8,116,28,17,0.37,8635
2026-09-23T05:41:24.979Z,226,24,6892,11408,1.280,1.390,93.1,1,22,135.0,105,41,16,0.07,8677
2026-09-23T05:41:55.095Z,227,20,6895,11435,1.430,1.820,89.4,0,0,100.0,114,36,16,0.93,8707
2026-09-23T05:42:37.279Z,228,24,6939,11495,1.300,2.020,98.0,3,35,105.6,112,29,17,0.13,8749
2026-09-23T05:43:17.798Z,229,29,6966,11537,1.260,2.100,103.9,2,17,182.8,106,37,17,0.39,8790
2026-09-23T05:43:45.451Z,230,26,7000,11594,1.210,1.550,105.4,2,32,264.5,111,25,16,0.51,8818
2026-09-23T05:44:13.648Z,231,25,7010,11625,1.290,1.630,91.7,1,13,184.3,105,42,16,0.58,8846
2026-09-23T05:44:43.738Z,232,22,7020,11658,1.310,1.960,83.7,1,27,175.2,113,32,16,0.42,8876
2026-09-23T05:45:29.922Z,233,27,7113,11766,1.240,1.870,102.9,2,27,174.8,108,36,17,0.00,8922
2026-09-23T05:45:53.986Z,234,28,7131,11803,1.290,1.680,105.4,2,6,188.0,110,34,16,0.90,8946
2026-09-23T05:46:20.083Z,235,26,7162,11856,1.330,1.730,76.2,2,10,228.3,105,36,16,0.26,8972
2026-09-23T05:46:52.159Z,236,19,7185,11906,1.590,1.650,75.9,2,31,143.8,104,42,17,0.83,9004
2026-09-23T05:47:28.297Z,237,28,7206,11938,1.270,1.660,76.4,2,20,217.3,110,31,16,0.01,9040
2026-09-23T05:48:26.463Z,238,22,7253,12011,1.380,1.700,93.0,2,5,98.9,120,30,16,0.04,9099
2026-09-23T05:48:54.623Z,239,26,7277,12051,1.270,1.770,78.0,1,33,115.4,103,35,16,0.92,9127
2026-09-23T05:49:34.765Z,240,24,7321,12117,1.340,2.010,70.4,1,34,262.2,95,46,18,0.05,9167
2026-09-23T05:50:00.877Z,241,26,7339,12153,1.250,1.850,96.2,2,20,209.0,106,35,16,1.00,9193
2026-09-23T05:50:34.969Z,242,32,7360,12188,1.200,1.950,99.5,3,19,179.9,105,33,16,0.06,9227
2026-09-23T05:51:03.025Z,243,26,7372,12226,1.430,1.790,77.9,3,22,179.9,111,28,15,0.98,9255
2026-09-23T05:52:25.368Z,244,21,7408,12287,1.630,1.650,103.9,1,5,187.6,112,37,16,0.06,9337
2026-09-23T05:52:49.263Z,245,28,7423,12315,1.230,1.710,86.9,2,30,93.5,107,35,16,0.69,9361
2026-09-23T05:53:23.535Z,246,20,7426,12346,1.650,1.670,85.6,0,0,100.0,107,43,16,0.12,9396
2026-09-23T05:53:55.685Z,247,26,7441,12375,1.390,1.760,99.5,1,33,176.9,109,33,17,0.94,9428
2026-09-23T05:54:29.784Z,248,29,7465,12416,1.310,1.830,88.1,2,28,177.1,96,46,16,0.00,9462
2026-09-23T05:54:51.251Z,249,23,7489,12466,1.390,1.790,93.8,1,20,100.0,112,36,16,0.74,9482
2026-09-23T05:55:15.971Z,250,25,7523,12518,1.390,1.690,78.0,1,14,183.7,102,42,16,0.46,9508
2026-09-23T05:55:38.089Z,251,27,7537,12550,1.290,1.750,84.5,1,20,137.1,100,45,16,0.16,9530
2026-09-23T05:56:10.143Z,252,21,7554,12593,1.680,1.580,88.9,1,19,95.0,103,46,16,0.76,9562
2026-09-23T05:56:38.297Z,253,25,7563,12618,1.420,1.790,82.9,2,14,185.5,103,41,16,0.17,9590
2026-09-23T05:57:04.408Z,254,21,7593,12672,1.500,1.910,74.6,2,14,189.6,115,29,17,0.95,9616
2026-09-23T05:57:34.412Z,255,23,7607,12704,1.390,1.760,91.1,1,12,109.4,113,37,16,0.05,9647
2026-09-23T05:58:02.574Z,256,24,7623,12739,1.630,1.740,88.0,1,27,178.6,111,31,16,0.99,9675
2026-09-23T05:58:36.673Z,257,28,7641,12773,1.150,1.910,95.7,2,10,185.2,101,45,16,0.11,9709
2026-09-23T05:59:02.784Z,258,25,7657,12812,1.330,1.930,90.7,1,8,186.3,99,42,16,0.98,9735
2026-09-23T05:59:49.524Z,259,24,7694,12870,1.330,1.580,84.6,1,18,115.2,111,36,16,0.70,9781
2026-09-23T06:01:55.436Z,260,25,7741,12936,1.430,1.770,96.1,1,29,154.4,109,34,16,0.94,9908
2026-09-23T06:02:55.645Z,261,23,7751,12968,1.530,1.620,89.9,2,18,94.1,117,30,16,0.94,9968
2026-09-23T06:03:23.805Z,262,20,7777,13017,1.660,1.740,90.7,1,11,282.4,112,37,16,0.11,9996
2026-09-23T06:04:03.845Z,263,20,7783,13043,1.580,1.850,79.6,0,4,99.2,114,36,16,0.97,10036
2026-09-23T06:04:58.121Z,264,28,7801,13073,1.320,1.670,102.8,2,31,130.0,115,28,16,0.99,10090
2026-09-23T06:05:42.253Z,265,35,7840,13125,1.100,1.570,76.1,3,33,174.0,117,25,16,0.34,10134
2026-09-23T06:06:14.377Z,266,28,7879,13191,1.190,1.990,93.8,2,18,106.4,110,36,19,0.55,10166
2026-09-23T06:06:47.284Z,267,32,7911,13239,1.180,1.840,76.5,2,40,189.7,102,37,16,0.60,10199
2026-09-23T06:07:17.156Z,268,18,7939,13301,1.850,1.700,87.2,0,19,284.5,109,40,15,0.41,10229
2026-09-23T06:07:50.766Z,269,26,7948,13322,1.370,1.750,95.2,2,21,179.0,104,42,17,0.77,10263
2026-09-23T06:08:28.865Z,270,23,7963,13360,1.520,1.980,97.8,1,1,99.7,101,48,16,0.01,10301
2026-09-23T06:08:56.918Z,271,22,7974,13392,1.370,1.630,91.5,1,15,185.0,100,49,16,0.97,10329
2026-09-23T06:09:29.074Z,272,24,7989,13425,1.320,1.660,92.1,1,17,183.1,114,36,16,0.00,10361
2026-09-23T06:10:03.172Z,273,30,8022,13472,1.140,1.670,88.4,2,24,181.0,117,28,16,0.98,10395
2026-09-23T06:10:53.347Z,274,32,8097,13565,1.110,1.810,99.6,2,10,185.8,97,47,20,0.87,10445
2026-09-23T06:11:18.301Z,275,24,8130,13626,1.520,1.870,89.9,2,42,168.9,107,36,20,0.36,10470
2026-09-23T06:11:51.513Z,276,25,8147,13662,1.450,1.840,95.2,2,9,97.3,113,36,16,0.80,10504
2026-09-23T06:12:29.708Z,277,20,8195,13735,1.240,1.510,103.2,0,0,100.0,114,36,16,0.00,10542
2026-09-23T06:13:07.853Z,278,23,8264,13821,1.520,1.760,88.0,1,16,183.3,113,29,16,0.85,10580
2026-09-23T06:13:46.050Z,279,21,8282,13861,1.600,1.910,92.1,1,24,178.6,106,39,17,0.54,10618
2026-09-23T06:14:16.110Z,280,25,8295,13890,1.370,1.710,74.8,2,33,176.2,96,46,16,0.46,10648
2026-09-23T06:14:46.761Z,281,25,8310,13925,1.280,1.760,83.2,1,29,177.3,115,31,16,0.56,10678
2026-09-23T06:15:16.360Z,282,21,8340,13979,1.340,2.040,70.8,1,14,182.2,118,28,16,0.45,10708
2026-09-23T06:15:54.409Z,283,30,8394,14044,1.200,1.830,107.4,2,9,186.0,107,39,16,0.91,10746
2026-09-23T06:16:20.521Z,284,26,8432,14106,1.230,1.510,83.8,1,5,98.7,110,36,16,0.24,10773
2026-09-23T06:17:00.666Z,285,21,8479,14178,1.660,1.760,87.9,1,32,175.0,115,28,16,1.00,10813
2026-09-23T06:17:42.817Z,286,30,8497,14207,1.060,1.660,84.3,2,30,132.6,107,36,16,0.37,10855
2026-09-23T06:18:20.950Z,287,27,8531,14264,1.430,1.810,102.5,2,15,182.9,111,36,16,0.22,10893
2026-09-23T06:18:59.038Z,288,26,8557,14311,1.240,1.820,88.7,1,6,155.5,113,33,16,1.00,10931
2026-09-23T06:19:35.201Z,289,24,8583,14359,1.270,1.720,101.4,2,3,159.1,107,36,16,0.06,10967
2026-09-23T06:20:33.352Z,290,30,8618,14408,1.330,2.020,88.2,2,29,177.9,104,32,16,0.03,11025
2026-09-23T06:21:03.456Z,291,26,8632,14446,1.250,2.000,82.5,2,3,143.6,115,33,16,0.97,11056
2026-09-23T06:21:53.633Z,292,25,8676,14511,1.350,1.680,73.1,1,23,180.5,108,35,16,0.88,11106
2026-09-23T06:22:20.123Z,293,30,8752,14602,1.270,1.910,107.7,4,24,92.6,109,36,16,0.27,11132
2026-09-23T06:22:43.813Z,294,28,8799,14671,1.150,1.740,90.9,1,14,185.1,101,44,16,0.42,11156
2026-09-23T06:23:13.916Z,295,25,8827,14722,1.530,1.810,83.8,2,22,137.3,107,34,16,0.57,11186
2026-09-23T06:24:04.093Z,296,28,8852,14764,1.140,2.090,92.6,2,24,179.1,102,45,16,0.96,11236
2026-09-23T06:24:40.240Z,297,27,8882,14815,1.250,2.060,81.7,5,24,178.6,101,34,16,0.25,11272
2026-09-23T06:25:20.388Z,298,24,8901,14857,1.350,1.750,101.0,1,10,97.4,118,31,15,0.25,11312
2026-09-23T06:25:48.888Z,299,27,8925,14898,1.290,1.810,108.7,2,27,177.1,110,35,15,0.67,11341
2026-09-23T06:26:12.605Z,300,28,8944,14936,1.250,1.400,86.7,3,18,183.1,114,26,15,0.64,11365
2026-09-23T06:26:48.895Z,301,22,8954,14972,1.470,1.710,92.1,1,19,181.3,108,38,16,0.67,11401
2026-09-23T06:27:23.091Z,302,20,8961,15001,1.370,1.910,91.3,1,23,181.2,103,42,16,0.14,11435
2026-09-23T06:27:47.306Z,303,26,8975,15029,1.270,1.800,96.1,2,40,89.2,116,25,16,0.60,11459
2026-09-23T06:29:23.277Z,304,31,9078,15147,1.210,1.970,92.4,3,22,180.7,99,38,16,0.13,11555
2026-09-23T06:29:57.380Z,305,26,9097,15191,1.380,1.530,93.4,1,20,180.7,103,41,16,0.98,11589
2026-09-23T06:30:39.565Z,306,20,9099,15219,1.350,1.560,81.4,0,0,100.0,115,35,16,0.22,11632
2026-09-23T06:31:53.811Z,307,24,9130,15266,1.600,2.070,90.2,2,32,157.9,110,34,16,0.89,11706
2026-09-23T06:32:50.947Z,308,25,9143,15298,1.340,1.430,96.1,2,33,176.6,114,31,16,0.78,11763
2026-09-23T06:33:12.043Z,309,22,9152,15330,1.370,1.660,91.3,1,6,187.8,108,40,16,0.67,11784
2026-09-23T06:34:00.290Z,310,24,9167,15363,1.500,1.870,99.5,1,11,185.0,112,36,16,1.00,11832
2026-09-23T06:34:42.360Z,311,21,9181,15400,1.490,1.910,96.6,1,29,178.6,107,37,16,0.35,11874
2026-09-23T06:35:18.995Z,312,26,9203,15437,1.450,1.520,77.6,2,36,176.3,105,34,16,0.33,11911
2026-09-23T06:35:54.729Z,313,22,9217,15475,1.380,1.920,92.8,1,10,185.8,120,30,15,0.92,11947
2026-09-23T06:36:24.767Z,314,29,9242,15513,1.240,1.980,83.4,2,16,278.9,96,41,16,0.08,11977
2026-09-23T06:36:47.163Z,315,28,9260,15552,1.200,1.550,93.7,2,11,97.1,110,36,16,0.59,11999
2026-09-23T06:37:14.934Z,316,26,9280,15594,1.330,1.340,99.9,3,25,94.3,114,29,16,0.52,12027
2026-09-23T06:37:49.090Z,317,22,9292,15630,1.540,1.780,97.6,1,3,188.4,108,41,16,0.69,12061
2026-09-23T06:38:21.105Z,318,23,9303,15660,1.380,1.660,75.1,1,8,185.7,119,27,17,0.22,12093
2026-09-23T06:39:01.343Z,319,24,9328,15704,1.360,1.630,94.4,2,13,184.6,107,38,16,1.00,12133
2026-09-23T06:39:29.398Z,320,20,9378,15778,1.410,1.710,87.2,0,0,100.0,118,32,15,0.00,12161
2026-09-23T06:39:55.504Z,321,22,9405,15823,1.550,1.630,85.8,1,5,98.5,118,29,16,0.94,12188
2026-09-23T06:41:51.939Z,322,22,9424,15862,1.580,1.780,84.8,1,22,183.5,106,40,15,0.82,12304
2026-09-23T06:42:56.139Z,323,24,9447,15903,1.460,1.990,92.2,2,33,170.1,107,34,16,0.95,12368
2026-09-23T06:43:36.283Z,324,21,9457,15936,1.540,1.700,82.7,1,3,99.3,115,34,17,0.09,12408
2026-09-23T06:44:20.416Z,325,22,9467,15965,1.660,1.520,92.1,1,9,230.5,113,33,16,0.25,12452
2026-09-23T06:44:52.468Z,326,26,9480,15994,1.330,2.090,105.2,2,26,176.6,105,35,16,0.84,12485
2026-09-23T06:45:28.618Z,327,26,9520,16054,1.310,1.750,96.7,2,20,95.5,116,32,16,0.01,12521
2026-09-23T06:45:52.681Z,328,22,9529,16087,1.450,1.630,85.9,1,9,192.0,111,39,16,0.85,12545
2026-09-23T06:46:18.433Z,329,21,9549,16128,1.400,1.780,86.8,1,47,179.5,110,36,16,0.37,12570
2026-09-23T06:46:54.961Z,330,21,9567,16166,1.650,1.800,98.6,2,31,265.9,115,30,16,0.92,12607
2026-09-23T06:47:15.012Z,331,26,9580,16194,1.390,2.220,90.8,1,9,186.8,94,49,16,0.52,12627
2026-09-23T06:47:41.125Z,332,20,9603,16243,1.510,1.680,92.9,1,16,134.7,107,43,16,0.29,12653
2026-09-23T06:48:11.230Z,333,30,9615,16265,1.090,2.060,89.6,2,8,126.8,108,38,17,0.71,12683
2026-09-23T06:48:49.686Z,334,34,9654,16320,1.120,2.030,84.2,4,25,179.8,103,32,16,0.70,12721
2026-09-23T06:49:25.470Z,335,29,9671,16362,1.410,1.890,85.9,3,16,183.5,113,27,16,0.06,12758
2026-09-23T06:50:13.700Z,336,31,9715,16424,1.080,1.890,99.4,2,15,293.2,112,28,16,0.58,12806
2026-09-23T06:51:13.911Z,337,26,9778,16512,1.340,1.610,85.9,1,28,181.4,116,27,16,0.57,12866
2026-09-23T06:52:00.097Z,338,21,9789,16548,1.720,1.790,89.0,1,9,184.6,114,35,16,1.00,12912
2026-09-23T06:53:00.308Z,339,27,9806,16579,1.160,1.870,93.6,3,21,185.2,105,38,16,1.00,12972
2026-09-23T06:53:44.445Z,340,20,9852,16652,1.550,1.830,93.6,0,0,100.0,115,35,16,0.45,13016
2026-09-23T06:54:14.553Z,341,27,9892,16705,1.330,1.940,94.6,3,35,201.0,114,22,15,0.54,13047
2026-09-23T06:54:46.705Z,342,24,9913,16749,1.440,1.800,79.4,2,29,179.0,117,25,15,0.57,13079
2026-09-23T06:55:34.836Z,343,28,9934,16786,1.470,1.860,81.5,2,26,178.4,112,26,14,0.05,13127
2026-09-23T06:56:04.955Z,344,26,9976,16850,1.200,1.560,93.3,1,5,187.3,100,45,17,0.94,13157
2026-09-23T06:56:41.091Z,345,24,10008,16904,1.670,1.920,88.8,2,9,111.9,113,33,16,0.28,13193
2026-09-23T06:57:17.644Z,346,24,10069,16985,1.400,1.570,95.5,3,31,175.6,106,39,16,0.39,13230
2026-09-23T06:57:45.294Z,347,24,10086,17022,1.460,1.820,89.6,1,3,99.3,109,40,16,0.50,13257
2026-09-23T06:58:27.382Z,348,25,10127,17082,1.260,1.730,98.8,2,25,177.0,104,45,16,0.02,13299
2026-09-23T06:58:59.536Z,349,21,10147,17126,1.350,1.660,88.4,1,22,177.7,107,39,16,1.00,13332
2026-09-23T06:59:21.662Z,350,19,10161,17162,1.500,1.740,106.5,1,16,245.7,113,37,15,0.19,13354
2026-09-23T06:59:48.769Z,351,26,10178,17192,1.330,1.680,94.7,2,38,197.6,107,31,15,0.66,13381
2026-09-23T07:00:11.838Z,352,22,10189,17227,1.400,1.950,101.7,1,30,175.2,102,44,15,0.68,13404
2026-09-23T07:01:02.009Z,353,23,10203,17260,1.480,1.820,87.7,1,3,188.6,112,36,17,0.99,13454
2026-09-23T07:01:42.152Z,354,25,10247,17322,1.300,2.060,97.6,2,30,175.9,98,44,16,0.34,13494
2026-09-23T07:02:20.565Z,355,27,10334,17427,1.400,2.040,88.7,2,24,161.1,111,33,17,0.26,13532
2026-09-23T07:02:52.392Z,356,28,10354,17466,1.140,1.850,85.6,2,11,98.5,113,33,16,0.84,13564
2026-09-23T07:03:28.539Z,357,21,10383,17522,1.290,1.810,83.9,1,21,178.0,111,38,16,0.01,13601
2026-09-23T07:04:32.747Z,358,28,10403,17555,1.090,1.980,95.2,2,33,219.6,100,40,15,0.02,13665
2026-09-23T07:05:35.003Z,359,29,10652,17823,1.020,1.510,82.3,2,20,182.6,111,35,14,0.06,13727
2026-09-23T07:06:17.686Z,360,22,10713,17911,1.500,2.040,86.5,1,1,99.7,113,36,16,0.39,13770
2026-09-23T07:06:57.236Z,361,28,10736,17948,1.250,2.090,112.4,2,33,172.9,105,36,16,0.97,13809
2026-09-23T07:07:33.390Z,362,27,10766,17999,1.260,2.140,90.8,1,18,180.7,104,41,16,0.03,13845
2026-09-23T07:08:05.546Z,363,22,10773,18031,1.490,1.750,90.2,1,24,179.2,113,31,16,0.93,13878
2026-09-23T07:08:48.834Z,364,26,10792,18066,1.390,1.900,95.4,1,14,183.9,112,32,16,0.66,13921
2026-09-23T07:10:03.925Z,365,22,10834,18132,1.530,1.830,98.4,1,21,251.6,101,49,17,0.97,13996
2026-09-23T07:10:26.034Z,366,21,10858,18177,1.760,1.360,88.6,1,3,155.8,117,30,16,0.05,14018
2026-09-23T07:11:20.630Z,367,25,10882,18217,1.350,1.530,72.1,2,9,97.6,113,35,15,0.25,14072
2026-09-23T07:11:50.636Z,368,23,10915,18272,1.270,1.920,90.9,1,21,180.4,108,31,16,0.75,14102
2026-09-23T07:12:19.828Z,369,25,10929,18304,1.280,1.700,85.5,2,15,184.6,99,42,15,0.30,14131
2026-09-23T07:12:42.439Z,370,26,10979,18373,1.330,2.000,97.8,1,1,107.0,110,38,17,0.35,14154
2026-09-23T07:13:22.573Z,371,25,11017,18432,1.270,1.850,86.0,2,9,135.3,99,46,16,0.16,14195
2026-09-23T07:13:54.732Z,372,21,11036,18475,1.290,1.450,96.7,1,32,177.4,119,28,16,0.92,14227
2026-09-23T07:14:32.830Z,373,20,11048,18508,1.350,1.700,101.6,0,0,100.0,107,43,15,0.02,14265
2026-09-23T07:15:07.028Z,374,22,11071,18549,1.530,1.610,92.5,1,27,175.4,93,50,17,0.88,14299
2026-09-23T07:15:43.069Z,375,28,11084,18576,1.480,1.800,92.1,1,25,179.8,112,30,16,0.38,14335
2026-09-23T07:16:35.297Z,376,24,11116,18632,1.390,1.820,68.9,1,20,179.2,112,37,16,0.07,14387
2026-09-23T07:16:55.364Z,377,25,11130,18665,1.410,1.480,94.8,1,2,99.3,107,43,16,0.93,14407
2026-09-23T07:17:25.475Z,378,28,11150,18702,1.140,1.920,100.3,1,13,96.9,121,27,16,0.06,14437
2026-09-23T07:18:15.653Z,379,30,11227,18797,1.340,2.020,75.7,2,9,184.8,105,35,16,0.48,14488
2026-09-23T07:18:48.598Z,380,26,11259,18853,1.340,2.120,83.6,2,30,178.0,107,35,16,0.66,14521
2026-09-23T07:19:13.905Z,381,22,11290,18908,1.350,1.670,83.6,2,20,135.0,112,36,16,0.58,14546
2026-09-23T07:19:40.024Z,382,29,11307,18938,1.230,1.760,87.7,2,27,124.1,112,34,16,0.24,14572
2026-09-23T07:20:10.137Z,383,22,11317,18975,1.500,1.960,94.3,2,21,180.3,111,33,16,0.76,14602
2026-09-23T07:20:38.200Z,384,31,11341,19010,1.170,2.090,77.4,2,30,177.6,104,39,18,0.16,14630
2026-09-23T07:21:14.321Z,385,25,11471,19166,1.210,1.910,78.8,2,5,187.8,100,47,16,0.56,14666
2026-09-23T07:21:52.430Z,386,32,11515,19223,1.160,1.480,87.0,3,19,94.7,119,24,15,0.84,14704
2026-09-23T07:22:30.522Z,387,20,11616,19356,1.690,1.850,92.4,1,13,100.7,109,39,16,0.00,14743
2026-09-23T07:23:04.727Z,388,28,11631,19383,1.240,1.960,80.9,2,18,181.0,98,36,16,0.95,14777
2026-09-23T07:23:44.866Z,389,34,11682,19448,1.060,1.680,90.9,2,22,94.5,108,32,16,0.47,14817
2026-09-23T07:24:14.979Z,390,20,11720,19520,1.530,1.850,89.8,0,0,100.0,105,45,14,0.52,14847
2026-09-23T07:24:39.035Z,391,26,11740,19554,1.380,1.870,82.5,1,9,199.6,111,32,16,0.19,14871
2026-09-23T07:25:17.943Z,392,22,11796,19634,1.450,1.780,91.8,2,44,253.3,108,33,16,0.37,14910
2026-09-23T07:25:59.387Z,393,21,11820,19679,1.370,1.910,101.1,1,17,182.6,104,39,16,1.00,14951
2026-09-23T07:26:29.431Z,394,20,11835,19715,1.390,1.740,84.2,2,29,182.2,106,39,16,0.00,14981
2026-09-23T07:26:55.538Z,395,30,11864,19754,1.400,1.700,102.5,3,22,154.5,102,42,16,0.94,15008
2026-09-23T07:27:25.662Z,396,20,11886,19806,1.660,1.930,102.5,1,25,178.2,110,36,16,0.06,15038
2026-09-23T07:28:05.682Z,397,28,11909,19841,1.140,1.600,88.7,1,16,183.0,113,27,17,0.92,15078
2026-09-23T07:28:45.829Z,398,23,11972,19929,1.410,1.430,89.3,1,4,113.0,112,38,16,0.52,15118
2026-09-23T07:29:15.931Z,399,22,11982,19960,1.440,1.440,88.3,1,4,187.7,116,30,16,0.47,15148
2026-09-23T07:29:50.474Z,400,22,12011,20009,1.350,1.440,93.1,2,23,184.9,107,43,16,0.74,15182
2026-09-23T07:30:22.312Z,401,29,12038,20049,1.100,2.000,80.8,3,22,181.2,112,28,16,0.17,15214
2026-09-23T07:30:49.499Z,402,23,12050,20087,1.450,1.900,81.5,1,19,275.3,115,31,16,0.71,15241
2026-09-23T07:31:28.543Z,403,28,12115,20167,1.270,1.890,105.2,2,8,185.3,106,37,16,0.01,15281
2026-09-23T07:31:54.654Z,404,24,12129,20205,1.320,1.950,74.2,1,18,181.5,116,31,12,0.91,15307
2026-09-23T07:32:42.782Z,405,24,12151,20247,1.330,1.760,100.1,1,28,94.2,105,41,16,0.37,15355
2026-09-23T07:33:14.937Z,406,23,12171,20288,1.550,1.730,97.2,1,23,178.9,113,32,16,0.52,15387
2026-09-23T07:33:45.042Z,407,25,12182,20317,1.200,1.880,82.4,1,6,98.3,106,43,17,0.48,15417
2026-09-23T07:34:35.211Z,408,31,12348,20497,1.180,1.780,81.6,2,24,178.0,114,29,16,0.06,15467
2026-09-23T07:35:01.327Z,409,24,12378,20554,1.330,2.060,92.7,1,25,93.3,105,42,15,1.00,15493
2026-09-23T07:35:39.418Z,410,23,12398,20595,1.420,1.550,99.4,1,4,155.5,108,42,16,0.21,15531
2026-09-23T07:36:03.517Z,411,24,12403,20619,1.450,1.760,96.5,2,9,111.1,111,38,16,0.97,15555
2026-09-23T07:36:33.594Z,412,20,12415,20655,1.700,1.980,96.7,1,15,166.4,117,28,16,0.03,15586
2026-09-23T07:37:13.772Z,413,22,12435,20693,1.400,1.860,85.6,1,1,133.4,105,44,16,0.58,15626
2026-09-23T07:37:48.050Z,414,33,12483,20750,1.120,1.980,79.9,2,19,94.7,111,29,16,0.63,15660
2026-09-23T07:38:11.914Z,415,28,12516,20808,1.130,2.020,93.0,3,33,177.8,101,42,16,0.68,15684
2026-09-23T07:38:48.649Z,416,29,12541,20852,1.380,1.810,81.8,2,17,195.6,113,29,16,0.66,15721
2026-09-23T07:39:24.195Z,417,24,12580,20916,1.390,1.840,77.0,1,30,174.5,99,45,16,0.10,15756
2026-09-23T07:39:54.305Z,418,25,12592,20947,1.260,1.920,89.1,2,4,188.4,110,37,16,0.90,15786
2026-09-23T07:40:28.404Z,419,22,12622,21000,1.420,1.930,98.5,1,18,128.9,107,37,16,0.01,15820
2026-09-23T07:41:38.649Z,420,27,12653,21046,1.440,1.900,86.2,1,15,182.4,113,32,16,0.18,15891
2026-09-23T07:42:06.709Z,421,24,12674,21090,1.250,1.650,65.0,2,21,172.7,120,30,16,0.89,15919
2026-09-23T07:42:40.911Z,422,31,12706,21135,1.050,2.040,93.2,1,6,186.7,101,44,16,0.27,15953
2026-09-23T07:43:11.024Z,423,30,12740,21190,1.030,1.790,91.2,2,22,210.1,105,42,16,0.72,15983
2026-09-23T07:43:41.125Z,424,25,12773,21248,1.320,1.780,98.0,2,2,189.1,119,26,16,0.28,16013
2026-09-23T07:44:03.154Z,425,23,12800,21297,1.390,1.430,87.6,1,2,189.2,116,32,16,0.98,16035
2026-09-23T07:44:35.291Z,426,25,12821,21336,1.380,1.800,85.5,1,4,187.4,117,30,16,0.06,16067
2026-09-23T07:45:01.301Z,427,31,12839,21368,1.140,1.740,75.3,2,22,93.1,104,36,16,1.00,16093
2026-09-23T07:45:27.414Z,428,21,12860,21419,1.700,1.530,102.0,2,11,185.3,108,38,15,0.02,16119
2026-09-23T07:45:53.526Z,429,23,12869,21446,1.610,1.420,87.6,2,17,181.5,114,30,16,0.88,16145
2026-09-23T07:46:27.629Z,430,22,12882,21480,1.610,2.060,79.7,1,4,128.0,112,38,16,0.02,16180
2026-09-23T07:46:55.697Z,431,29,12908,21519,1.190,1.790,81.0,2,15,106.3,102,44,16,0.94,16208
2026-09-23T07:47:25.789Z,432,29,12930,21561,1.270,1.600,105.5,2,4,188.3,115,28,16,0.06,16238
2026-09-23T07:47:55.907Z,433,22,12945,21603,1.530,1.530,95.9,1,3,99.1,117,33,16,0.95,16268
2026-09-23T07:48:38.085Z,434,29,12973,21644,1.150,1.660,86.6,2,2,189.1,110,34,16,0.15,16310
2026-09-23T07:49:20.626Z,435,27,13013,21706,1.540,1.960,90.5,2,8,185.9,105,40,16,0.26,16352
2026-09-23T07:49:52.353Z,436,25,13020,21735,1.310,1.920,100.4,2,4,187.7,103,42,16,0.83,16384
2026-09-23T07:50:12.398Z,437,20,13032,21772,1.520,2.200,95.7,0,0,100.0,111,39,16,0.65,16404
2026-09-23T07:50:34.517Z,438,26,13061,21815,1.100,1.760,92.8,1,8,186.4,111,36,16,0.05,16426
2026-09-23T07:51:14.658Z,439,24,13109,21885,1.330,1.890,86.2,1,2,128.8,119,29,16,0.54,16467
2026-09-23T07:52:08.828Z,440,29,13137,21928,1.140,1.730,87.4,2,29,90.0,110,33,16,0.82,16521
2026-09-23T07:52:38.944Z,441,22,13146,21964,1.380,1.650,98.1,1,25,179.1,105,42,14,0.19,16551
2026-09-23T07:53:03.002Z,442,23,13157,21994,1.520,1.820,96.4,1,20,182.0,111,34,16,0.98,16575
2026-09-23T07:53:59.217Z,443,32,13184,22032,1.180,2.000,109.4,2,21,160.8,102,39,16,1.00,16631
2026-09-23T07:54:41.412Z,444,25,13247,22122,1.260,1.360,91.1,2,22,238.8,106,33,17,0.30,16673
2026-09-23T07:56:03.634Z,445,25,13373,22268,1.360,1.410,97.3,2,24,181.4,99,43,16,0.97,16756
2026-09-23T07:56:25.753Z,446,29,13392,22303,1.240,1.760,81.2,2,13,183.1,105,38,17,0.06,16778
2026-09-23T07:56:48.172Z,447,20,13404,22344,1.490,1.700,89.7,0,0,100.0,100,50,17,0.64,16800
2026-09-23T07:57:13.880Z,448,22,13421,22379,1.600,1.800,85.9,1,16,184.2,117,30,16,0.58,16826
2026-09-23T07:57:39.994Z,449,22,13427,22405,1.310,2.050,80.9,1,29,219.7,107,39,17,0.23,16852
2026-09-23T07:58:02.120Z,450,27,13440,22433,1.180,1.840,82.4,1,22,100.2,108,31,16,0.99,16874
2026-09-23T07:58:30.177Z,451,24,13453,22469,1.400,1.900,103.2,1,30,175.4,96,41,16,0.00,16902
2026-09-23T07:58:52.290Z,452,30,13465,22495,1.190,1.790,92.7,3,20,180.7,117,27,16,0.83,16924
2026-09-23T07:59:26.402Z,453,20,13475,22535,1.380,1.760,83.4,0,0,100.0,109,41,16,0.04,16958
2026-09-23T07:59:54.452Z,454,24,13502,22578,1.400,1.870,91.4,1,8,186.4,106,42,16,0.91,16986
2026-09-23T08:00:19.311Z,455,25,13529,22624,1.390,2.100,104.6,1,9,183.8,110,36,16,0.32,17011
2026-09-23T08:00:56.708Z,456,23,13544,22661,1.440,1.850,74.7,2,25,177.1,115,31,16,0.96,17049
2026-09-23T08:01:26.819Z,457,23,13561,22698,1.390,1.620,83.4,1,1,107.0,114,35,16,0.03,17079
2026-09-23T08:02:37.064Z,458,24,13615,22771,1.390,1.670,103.1,1,16,182.4,111,33,16,0.12,17149
2026-09-23T08:03:03.175Z,459,29,13633,22804,1.140,1.590,96.7,1,3,121.2,107,40,16,0.98,17175
2026-09-23T08:03:51.304Z,460,30,13676,22866,1.250,1.440,83.5,2,23,179.0,103,39,16,0.79,17223
2026-09-23T08:04:15.363Z,461,34,13708,22914,1.310,2.110,82.7,3,17,181.9,96,45,16,0.50,17247
2026-09-23T08:04:57.559Z,462,20,13739,22979,1.490,1.630,72.0,0,0,100.0,112,38,16,0.98,17290
2026-09-23T08:05:49.968Z,463,22,13811,23069,1.630,1.440,89.3,1,12,153.2,113,36,16,0.72,17342
2026-09-23T08:06:35.970Z,464,26,13821,23095,1.380,1.620,90.7,2,8,172.2,117,25,16,0.08,17388
2026-09-23T08:07:10.066Z,465,24,13851,23147,1.420,1.810,83.1,1,10,186.8,110,35,16,0.77,17422
2026-09-23T08:07:42.116Z,466,30,13900,23210,1.120,2.240,103.2,2,18,181.4,112,34,16,0.33,17454
2026-09-23T08:08:12.221Z,467,29,13942,23273,1.210,1.760,94.8,1,28,178.9,103,36,16,0.66,17484
2026-09-23T08:08:42.329Z,468,29,13966,23317,1.160,1.590,74.9,2,13,96.7,117,31,16,0.34,17514
2026-09-23T08:09:26.464Z,469,22,13985,23363,1.430,1.690,86.6,1,4,99.0,118,28,16,0.04,17558
2026-09-23T08:09:58.618Z,470,20,14017,23417,1.630,1.640,99.6,0,13,96.6,104,43,16,0.99,17591
2026-09-23T08:10:30.668Z,471,24,14027,23443,1.240,1.900,73.9,1,13,184.4,114,35,16,0.00,17623
2026-09-23T08:11:16.854Z,472,24,14086,23522,1.520,1.510,78.4,2,2,129.0,116,31,16,0.43,17669
2026-09-23T08:11:42.964Z,473,33,14113,23560,1.140,1.950,106.0,2,19,181.2,102,39,16,0.37,17695
2026-09-23T08:12:27.098Z,474,28,14202,23674,1.190,1.580,94.3,1,31,177.7,113,29,16,0.03,17739
2026-09-23T08:14:03.459Z,475,26,14323,23817,1.420,1.840,103.7,2,24,177.6,113,25,16,0.97,17835
2026-09-23T08:14:35.621Z,476,23,14335,23852,1.430,1.840,80.6,1,2,189.2,117,32,16,0.07,17868
2026-09-23T08:15:07.661Z,477,26,14378,23912,1.430,1.400,81.6,2,19,182.7,104,43,16,0.86,17900
2026-09-23T08:15:41.768Z,478,31,14396,23945,1.210,1.790,85.4,2,18,181.2,112,27,16,0.31,17934
2026-09-23T08:16:23.956Z,479,22,14467,24045,1.470,1.300,77.6,2,33,176.4,108,37,16,0.11,17976
2026-09-23T08:16:48.314Z,480,25,14477,24072,1.210,1.570,97.2,1,5,127.1,112,36,16,0.64,18000
2026-09-23T08:17:36.252Z,481,23,14493,24110,1.550,1.870,86.5,1,7,157.0,115,35,16,0.09,18048
2026-09-23T08:18:08.304Z,482,32,14568,24196,1.170,1.760,91.0,3,18,101.8,98,39,15,0.84,18080
2026-09-23T08:18:31.449Z,483,27,14591,24244,1.250,1.740,81.1,1,10,97.1,109,38,16,0.00,18103
2026-09-23T08:19:00.527Z,484,21,14617,24296,1.630,1.960,81.8,1,7,98.1,110,39,16,1.00,18132
2026-09-23T08:19:22.657Z,485,27,14631,24324,1.280,1.870,95.6,2,4,99.0,108,41,17,0.16,18155
2026-09-23T08:20:16.812Z,486,28,14678,24390,1.180,1.800,84.4,2,28,179.5,116,30,12,0.43,18209
2026-09-23T08:20:52.956Z,487,24,14709,24445,1.400,1.650,73.3,2,18,182.3,104,38,16,0.85,18245
2026-09-23T08:21:33.109Z,488,24,14723,24479,1.420,1.720,89.4,2,16,183.5,112,32,16,0.02,18285
2026-09-23T08:22:01.166Z,489,23,14742,24519,1.540,1.540,75.4,1,16,124.2,105,44,16,1.00,18313
2026-09-23T08:22:37.326Z,490,28,14759,24551,1.240,1.920,78.7,1,5,127.7,106,40,16,0.12,18349
2026-09-23T08:23:11.412Z,491,30,14804,24614,1.240,1.900,89.5,2,30,181.5,108,36,16,0.70,18383
2026-09-23T08:23:51.554Z,492,30,14844,24674,1.290,1.730,100.2,2,16,182.6,116,31,16,0.80,18423
2026-09-23T08:24:23.709Z,493,23,14858,24715,1.370,1.690,89.3,2,12,96.3,114,34,16,0.12,18456
2026-09-23T08:25:13.894Z,494,33,14931,24798,0.990,1.830,96.9,3,33,91.9,105,36,16,0.58,18506
2026-09-23T08:25:50.515Z,495,23,14989,24886,1.470,1.610,90.2,1,6,187.3,114,36,16,0.74,18542
2026-09-23T08:26:18.384Z,496,35,15014,24919,1.080,1.510,90.9,3,29,181.6,107,28,16,0.35,18570
2026-09-23T08:26:56.284Z,497,23,15066,25003,1.250,1.790,68.4,2,27,185.9,100,41,16,0.95,18608
2026-09-23T08:27:22.299Z,498,23,15081,25038,1.400,1.750,91.5,1,22,237.7,111,36,16,0.17,18634
2026-09-23T08:27:44.418Z,499,23,15094,25071,1.400,1.830,89.4,1,10,199.6,120,30,16,0.45,18656
2026-09-23T08:28:32.541Z,500,25,15180,25175,1.500,1.690,85.4,1,19,113.0,110,35,16,0.01,18704
2026-09-23T08:29:04.696Z,501,22,15191,25209,1.430,1.850,94.3,1,8,127.4,120,30,17,0.95,18737
2026-09-23T08:29:46.784Z,502,23,15227,25264,1.330,1.710,84.2,2,28,184.1,111,32,16,0.57,18779
2026-09-23T08:30:21.185Z,503,21,15238,25297,1.570,1.680,79.7,1,9,187.1,109,37,16,0.22,18813
2026-09-23T08:30:49.945Z,504,27,15258,25331,1.380,1.920,88.3,4,35,174.7,94,40,16,0.71,18842
2026-09-23T08:31:27.134Z,505,23,15325,25422,1.530,2.050,89.1,1,30,180.1,103,41,16,0.03,18879
2026-09-23T08:31:57.243Z,506,26,15344,25458,1.380,1.610,93.8,2,18,209.2,108,38,16,0.97,18909
2026-09-23T08:32:43.451Z,507,24,15383,25519,1.250,1.840,97.6,1,19,182.5,105,37,16,0.40,18955
2026-09-23T08:33:27.558Z,508,25,15478,25633,1.360,1.860,78.5,1,15,95.7,106,35,16,0.02,18999
2026-09-23T08:33:59.711Z,509,22,15496,25674,1.650,1.690,91.6,1,1,99.7,112,36,16,1.00,19032
2026-09-23T08:34:29.818Z,510,24,15508,25704,1.570,1.810,98.3,2,34,249.2,108,35,16,0.00,19062
2026-09-23T08:34:57.875Z,511,30,15524,25734,1.220,2.050,95.1,2,16,102.9,107,34,17,0.98,19090
2026-09-23T08:35:40.066Z,512,26,15573,25807,1.070,2.060,102.8,3,23,188.1,112,32,16,0.23,19132
2026-09-23T08:36:06.180Z,513,28,15607,25859,1.200,1.870,84.9,2,13,96.7,117,29,16,0.91,19158
2026-09-23T08:36:42.226Z,514,20,15626,25906,1.740,1.820,89.1,1,19,182.2,111,37,17,0.33,19194
2026-09-23T08:37:06.392Z,515,23,15638,25935,1.390,1.500,78.7,1,31,92.2,107,41,16,0.91,19218
2026-09-23T08:37:36.498Z,516,22,15660,25978,1.280,1.560,83.5,1,22,181.3,103,44,16,0.10,19248
2026-09-23T08:38:21.164Z,517,21,15674,26013,1.370,1.910,78.3,1,24,178.3,123,26,16,0.23,19293
2026-09-23T08:38:56.779Z,518,28,15703,26055,1.220,1.950,91.6,2,16,277.9,107,36,16,0.96,19329
2026-09-23T08:39:24.838Z,519,26,15731,26105,1.260,1.590,84.0,1,4,113.0,120,30,16,0.08,19357
2026-09-23T08:39:59.241Z,520,27,15811,26204,1.160,1.550,93.5,3,33,132.5,94,46,16,1.00,19391
2026-09-23T08:40:25.054Z,521,30,15836,26246,1.220,1.890,87.6,2,25,102.3,106,34,16,0.08,19417
2026-09-23T08:40:59.153Z,522,24,15880,26316,1.260,1.730,95.5,1,32,174.3,113,31,16,1.00,19451
2026-09-23T08:41:33.242Z,523,20,15884,26344,1.570,1.690,97.4,0,0,100.0,107,43,16,0.02,19485
2026-09-23T08:41:55.361Z,524,21,15903,26382,1.540,1.890,105.4,1,31,175.3,108,41,16,0.93,19507
2026-09-23T08:42:45.545Z,525,25,15925,26420,1.510,1.700,96.8,1,35,191.1,98,44,16,0.50,19557
2026-09-23T08:43:23.639Z,526,23,15979,26496,1.380,1.750,88.0,1,2,99.5,105,45,15,0.12,19596
2026-09-23T08:43:57.752Z,527,22,15997,26535,1.480,1.820,93.4,1,5,188.0,103,43,16,0.98,19630
2026-09-23T08:44:33.894Z,528,24,16015,26571,1.280,1.650,80.6,3,34,178.3,114,34,16,0.03,19666
2026-09-23T08:44:59.998Z,529,21,16042,26621,1.400,1.670,81.7,1,9,144.5,106,44,16,1.00,19692
2026-09-23T08:45:34.098Z,530,20,16050,26650,1.750,1.520,87.7,0,8,117.9,107,38,16,0.04,19726
2026-09-23T08:46:20.644Z,531,31,16072,26681,1.070,2.080,107.1,2,27,115.4,102,36,16,0.26,19772
2026-09-23T08:46:42.304Z,532,25,16084,26719,1.380,1.510,104.1,1,11,97.4,113,34,16,0.34,19794
2026-09-23T08:47:30.526Z,533,25,16113,26768,1.290,2.060,93.3,1,35,175.0,110,29,16,0.00,19842
2026-09-23T08:48:00.633Z,534,23,16136,26813,1.450,1.590,76.1,3,17,181.9,108,37,16,1.00,19873
2026-09-23T08:48:21.226Z,535,27,16148,26841,1.230,2.010,90.0,1,16,131.2,102,38,16,0.23,19893
2026-09-23T08:48:46.718Z,536,24,16166,26882,1.350,1.700,92.4,2,3,99.3,103,46,16,0.57,19919
2026-09-23T08:49:21.256Z,537,26,16180,26914,1.280,1.650,82.5,1,2,99.4,101,45,16,0.23,19953
2026-09-23T08:50:15.086Z,538,26,16200,26954,1.090,2.010,83.6,1,25,172.5,113,29,16,0.52,20007
2026-09-23T08:50:59.223Z,539,25,16242,27017,1.390,1.820,87.4,1,8,97.4,106,42,16,1.00,20051
2026-09-23T08:51:36.401Z,540,25,16262,27057,1.240,1.740,89.0,1,17,121.3,105,40,16,0.09,20088
2026-09-23T08:51:53.495Z,541,21,16268,27087,1.730,1.790,86.0,1,5,187.6,114,31,16,0.87,20105
2026-09-23T08:52:49.771Z,542,24,16286,27122,1.540,1.510,89.6,2,15,195.8,111,34,16,0.71,20162
2026-09-23T08:53:18.379Z,543,47,16329,27162,0.930,1.770,92.4,3,37,174.8,94,32,16,0.35,20190
2026-09-23T08:53:43.886Z,544,24,16379,27255,1.360,1.730,98.6,2,14,184.1,120,26,16,0.42,20216
2026-09-23T08:54:12.050Z,545,22,16406,27304,1.630,1.800,94.1,1,26,130.5,101,47,16,0.67,20244
2026-09-23T08:54:30.068Z,546,22,16414,27332,1.660,1.520,90.9,1,18,179.0,115,33,16,0.00,20262
2026-09-23T08:54:58.138Z,547,20,16429,27369,1.600,1.720,91.0,0,0,100.0,105,45,16,0.99,20290
2026-09-23T08:55:20.521Z,548,26,16449,27403,1.280,1.790,93.8,2,2,113.7,109,39,16,0.26,20312
2026-09-23T08:55:50.899Z,549,23,16480,27457,1.470,1.640,97.2,1,4,188.3,107,39,16,0.75,20342
2026-09-23T08:56:26.497Z,550,20,16511,27511,1.710,1.740,83.1,0,0,100.0,110,40,18,0.04,20378
2026-09-23T08:56:49.521Z,551,30,16529,27539,1.220,1.430,107.6,1,7,127.2,104,39,18,0.69,20401
2026-09-23T08:57:20.909Z,552,24,16546,27582,1.480,1.820,73.4,1,1,114.5,113,36,16,0.25,20432
2026-09-23T08:57:49.526Z,553,22,16556,27614,1.470,1.520,103.1,2,10,192.4,111,37,16,0.69,20461
2026-09-23T08:58:14.853Z,554,26,16572,27646,1.210,2.030,91.1,1,11,132.6,104,44,16,0.53,20487
2026-09-23T08:58:49.532Z,555,22,16599,27697,1.440,1.750,79.3,1,3,158.9,109,40,16,0.69,20521
2026-09-23T08:59:29.089Z,556,20,16614,27734,1.700,1.560,72.3,0,0,100.0,115,35,16,0.01,20561
2026-09-23T09:00:01.129Z,557,26,16638,27772,1.340,1.720,96.3,2,28,176.0,101,36,16,1.00,20593
2026-09-23T09:00:27.245Z,558,20,16644,27804,1.440,1.820,97.6,0,0,100.0,110,40,16,0.03,20619
2026-09-23T09:00:50.533Z,559,24,16676,27852,1.370,1.840,92.4,2,27,176.0,113,29,16,0.74,20642
2026-09-23T09:01:37.491Z,560,27,16720,27913,1.270,1.670,100.1,2,13,185.5,109,37,16,0.13,20689
2026-09-23T09:02:03.501Z,561,27,16748,27961,1.270,1.760,97.9,1,3,188.4,108,39,16,0.98,20715
2026-09-23T09:02:31.657Z,562,22,16763,28001,1.540,1.490,93.3,1,21,180.3,114,29,16,0.00,20744
2026-09-23T09:03:03.720Z,563,24,16774,28030,1.480,2.070,96.5,1,18,182.0,113,35,16,0.97,20776
2026-09-23T09:03:41.914Z,564,24,16785,28061,1.360,1.930,94.5,2,17,180.7,103,43,16,0.32,20814
2026-09-23T09:04:13.963Z,565,20,16829,28129,1.820,1.470,109.4,1,24,180.4,113,32,16,0.58,20846
2026-09-23T09:04:52.154Z,566,24,16840,28156,1.440,1.740,87.6,1,21,178.6,103,36,16,0.82,20884
2026-09-23T09:05:18.347Z,567,28,16855,28187,1.250,1.970,98.1,3,15,158.2,116,29,16,0.36,20910
2026-09-23T09:05:56.365Z,568,27,16889,28242,1.360,1.820,94.9,2,24,177.5,106,37,16,0.95,20948
2026-09-23T09:06:26.474Z,569,25,16905,28280,1.460,1.890,100.0,2,29,176.2,107,35,16,0.04,20978
2026-09-23T09:06:58.634Z,570,27,16913,28306,1.420,1.710,81.4,2,21,93.0,114,22,16,0.99,21011
2026-09-23T09:07:24.634Z,571,23,16923,28340,1.490,1.650,97.9,1,25,94.1,108,35,16,0.09,21037
2026-09-23T09:08:12.864Z,572,22,16951,28389,1.620,1.910,91.7,1,10,184.0,110,39,16,0.64,21085
2026-09-23T09:08:57.001Z,573,20,16959,28419,1.430,1.920,91.1,0,0,100.0,109,41,16,0.97,21129
2026-09-23T09:09:35.195Z,574,24,17001,28477,1.370,1.790,90.6,1,2,129.1,111,37,16,0.06,21167
2026-09-23T09:09:59.259Z,575,24,17022,28518,1.350,1.750,91.9,2,26,177.3,111,37,16,1.00,21191
2026-09-23T09:10:31.314Z,576,23,17038,28555,1.410,1.590,75.0,1,1,99.7,110,40,16,0.00,21223
2026-09-23T09:11:23.535Z,577,23,17071,28608,1.440,2.130,92.3,1,22,179.4,117,31,16,0.13,21275
2026-09-23T09:11:47.601Z,578,24,17105,28661,1.350,1.580,87.8,1,8,170.0,108,42,16,0.61,21299
2026-09-23T09:12:23.750Z,579,27,17153,28726,1.230,1.930,97.9,2,13,183.8,107,36,16,0.12,21336
2026-09-23T09:12:53.851Z,580,24,17180,28776,1.510,1.970,83.8,1,35,222.9,90,43,16,0.88,21366
2026-09-23T09:13:11.876Z,581,24,17188,28804,1.450,1.760,94.0,1,7,174.1,115,28,16,0.68,21384
2026-09-23T09:13:45.977Z,582,20,17202,28842,1.410,1.680,89.1,1,20,182.2,108,38,16,0.53,21418
2026-09-23T09:14:06.046Z,583,31,17226,28875,1.070,1.780,82.2,3,29,177.8,99,39,16,0.92,21438
2026-09-23T09:14:34.209Z,584,23,17242,28919,1.460,1.710,82.4,1,17,172.3,113,33,16,0.04,21466
2026-09-23T09:15:10.363Z,585,24,17273,28969,1.360,1.650,86.2,1,3,99.1,109,39,16,0.76,21502
2026-09-23T09:15:49.348Z,586,26,17296,29010,1.450,1.320,94.3,2,40,168.0,104,34,16,0.69,21541
2026-09-23T09:16:26.643Z,587,23,17307,29044,1.270,1.700,94.5,1,21,181.9,106,38,16,0.04,21579
2026-09-23T09:16:56.764Z,588,23,17316,29073,1.340,1.700,84.9,1,7,186.4,111,32,16,0.96,21609
2026-09-23T09:17:28.931Z,589,25,17344,29119,1.210,1.790,92.8,2,7,187.2,120,28,17,0.01,21641
2026-09-23T09:17:59.010Z,590,26,17376,29170,1.320,1.700,91.1,2,7,187.1,114,34,16,0.99,21671
2026-09-23T09:18:33.006Z,591,20,17396,29216,1.610,2.100,96.2,0,0,100.0,113,37,16,0.02,21705
2026-09-23T09:19:21.525Z,592,23,17459,29296,1.390,1.820,88.8,2,19,278.0,105,39,17,0.21,21753
2026-09-23T09:19:53.393Z,593,28,17497,29349,1.300,1.550,102.9,2,24,180.4,103,32,16,0.87,21785
2026-09-23T09:20:33.537Z,594,22,17523,29401,1.560,1.890,77.9,1,7,154.0,110,39,16,0.03,21825
2026-09-23T09:20:55.551Z,595,25,17533,29428,1.390,1.590,96.3,1,5,217.8,102,45,16,0.93,21847
2026-09-23T09:21:15.623Z,596,24,17544,29460,1.350,2.010,85.5,1,2,99.4,116,34,16,0.49,21867
2026-09-23T09:21:43.783Z,597,23,17568,29505,1.530,1.920,94.1,2,20,145.8,115,35,16,0.41,21896
2026-09-23T09:22:25.866Z,598,25,17589,29544,1.400,2.050,94.4,2,24,148.0,107,38,17,0.06,21938
2026-09-23T09:23:04.061Z,599,32,17609,29577,1.150,1.890,75.6,3,33,170.9,98,37,16,0.97,21976
2026-09-23T09:23:34.182Z,600,27,17627,29620,1.360,1.710,76.0,2,6,142.7,115,32,17,0.04,22006
2026-09-23T09:24:52.405Z,601,22,17770,29788,1.590,1.930,92.4,1,6,98.6,110,38,16,0.83,22084
2026-09-23T09:25:26.518Z,602,24,17782,29818,1.440,1.850,90.2,1,21,253.8,106,41,16,0.04,22118
2026-09-23T09:26:02.672Z,603,24,17795,29851,1.430,1.700,83.7,1,21,116.9,108,38,16,0.99,22155
2026-09-23T09:26:32.758Z,604,22,17864,29942,1.490,2.050,87.4,1,19,186.6,100,43,16,0.01,22185
2026-09-23T09:26:56.934Z,605,26,17883,29977,1.370,1.450,92.7,2,26,205.6,104,38,16,0.97,22209
2026-09-23T09:27:19.735Z,606,21,17892,30011,1.510,1.880,96.9,1,19,180.2,105,39,16,0.30,22231
2026-09-23T09:27:41.061Z,607,24,17904,30040,1.320,1.910,93.6,2,30,174.4,117,30,16,0.28,22253
2026-09-23T09:28:17.205Z,608,34,17964,30110,1.130,1.940,109.4,2,19,179.6,107,28,16,0.41,22289
2026-09-23T09:29:03.388Z,609,25,18024,30199,1.440,1.630,97.9,1,12,155.5,110,36,16,0.98,22335
2026-09-23T09:29:39.436Z,610,21,18036,30235,1.390,1.440,89.6,1,17,180.6,110,39,16,0.20,22371
2026-09-23T09:30:05.548Z,611,26,18065,30279,1.300,2.050,103.4,3,32,172.9,105,38,16,0.93,22397
2026-09-23T09:30:35.652Z,612,22,18113,30351,1.510,1.670,72.0,2,26,176.8,102,38,16,0.07,22428
2026-09-23T09:31:01.789Z,613,26,18127,30381,1.230,1.710,91.4,1,16,104.1,116,30,16,1.00,22454
2026-09-23T09:31:25.835Z,614,24,18149,30425,1.320,2.050,95.5,3,33,220.2,112,30,15,0.06,22478
2026-09-23T09:31:43.956Z,615,23,18173,30470,1.560,1.720,82.7,1,3,188.8,103,45,15,0.42,22496
2026-09-23T09:32:22.055Z,616,25,18195,30510,1.230,1.670,101.9,1,26,180.3,109,36,16,0.18,22534
2026-09-23T09:32:52.155Z,617,23,18241,30578,1.420,1.780,86.4,1,1,114.6,117,33,16,0.82,22564
2026-09-23T09:33:18.549Z,618,28,18268,30620,1.160,1.520,104.8,1,35,180.2,108,35,16,0.35,22590
2026-09-23T09:34:02.402Z,619,22,18286,30664,1.630,1.460,103.9,1,32,174.9,103,39,16,0.99,22634
2026-09-23T09:34:30.466Z,620,20,18291,30691,1.860,1.560,94.9,0,0,100.0,111,39,16,0.00,22662
2026-09-23T09:35:06.608Z,621,22,18367,30785,1.520,2.040,89.5,1,19,198.6,100,45,16,0.90,22698
2026-09-23T09:35:40.704Z,622,25,18391,30826,1.370,1.750,85.1,1,19,111.0,109,39,16,0.26,22733
2026-09-23T09:36:19.593Z,623,27,18419,30872,1.370,1.660,104.1,2,20,174.0,108,32,16,0.30,22771
2026-09-23T09:36:49.496Z,624,25,18436,30911,1.430,1.620,86.1,1,11,110.0,106,43,16,0.70,22801
2026-09-23T09:37:11.034Z,625,25,18451,30946,1.310,1.550,96.6,2,3,99.3,112,36,16,0.73,22823
2026-09-23T09:37:35.198Z,626,29,18490,31001,1.290,1.730,87.8,3,27,178.8,112,25,16,0.06,22847
2026-09-23T09:37:59.260Z,627,21,18515,31054,1.620,1.980,96.6,1,23,176.6,117,27,16,1.00,22871
2026-09-23T09:38:49.825Z,628,25,18525,31080,1.430,1.640,93.8,1,14,182.8,115,29,16,0.70,22921
2026-09-23T09:39:29.579Z,629,24,18544,31120,1.430,1.840,90.1,1,14,183.6,115,33,16,0.00,22961
2026-09-23T09:40:13.710Z,630,26,18686,31280,1.330,1.670,95.7,2,23,128.7,104,42,16,0.59,23006
2026-09-23T09:40:33.785Z,631,24,18697,31313,1.410,1.300,90.8,1,24,179.2,113,36,16,0.03,23026
2026-09-23T09:41:11.876Z,632,24,18709,31345,1.230,1.540,94.7,1,6,98.3,103,46,16,0.69,23064
2026-09-23T09:41:31.946Z,633,29,18727,31378,1.040,2.000,92.3,1,10,221.8,109,35,16,0.01,23084
2026-09-23T09:42:02.051Z,634,25,18812,31487,1.390,2.040,104.3,2,29,175.7,102,43,17,0.99,23114
2026-09-23T09:42:20.857Z,635,23,18820,31517,1.330,1.850,90.0,1,7,186.7,115,34,17,0.25,23132
2026-09-23T09:42:48.624Z,636,25,18850,31565,1.330,1.640,73.7,1,40,117.0,110,39,16,0.66,23160
2026-09-23T09:43:16.395Z,637,20,18858,31598,1.380,1.850,92.4,0,0,100.0,116,34,16,0.45,23188
2026-09-23T09:43:40.356Z,638,24,18907,31663,1.620,1.660,90.2,2,21,180.7,114,28,16,0.24,23212
2026-09-23T09:44:06.471Z,639,26,18919,31693,1.170,1.690,89.5,2,6,135.5,118,30,16,0.91,23238
2026-09-23T09:44:34.647Z,640,20,18951,31751,1.570,1.850,88.0,0,0,100.0,114,36,16,0.05,23266
2026-09-23T09:45:04.734Z,641,32,18986,31794,1.170,1.820,106.4,3,17,183.1,98,41,16,0.95,23297
2026-09-23T09:45:30.845Z,642,24,19005,31841,1.590,1.810,85.1,1,24,117.8,98,39,16,0.00,23323
2026-09-23T09:46:02.898Z,643,28,19023,31875,1.250,1.990,104.4,1,19,181.1,89,53,16,0.98,23355
2026-09-23T09:46:35.053Z,644,26,19042,31916,1.380,1.890,94.1,2,33,174.3,108,37,16,0.06,23387
2026-09-23T09:47:09.153Z,645,29,19058,31949,1.110,1.860,81.4,2,25,153.3,110,34,16,0.81,23421
2026-09-23T09:47:53.283Z,646,20,19086,32006,1.480,1.700,94.6,0,0,100.0,116,34,16,0.86,23465
2026-09-23T09:48:23.389Z,647,24,19099,32035,1.350,1.680,103.8,2,6,186.5,115,32,16,0.13,23495
2026-09-23T09:48:59.544Z,648,24,19146,32102,1.440,1.570,90.1,1,2,99.6,119,31,16,1.00,23531
2026-09-23T09:49:25.553Z,649,26,19161,32135,1.220,1.750,79.6,2,18,182.1,100,47,16,0.07,23557
2026-09-23T09:49:59.753Z,650,27,19193,32186,1.190,1.490,87.8,2,33,91.9,101,39,16,1.00,23592
2026-09-23T09:50:35.800Z,651,24,19221,32237,1.270,1.800,75.5,2,2,99.4,112,37,16,0.07,23628
2026-09-23T09:51:42.052Z,652,23,19333,32370,1.640,1.630,76.1,1,34,175.1,106,33,16,0.32,23694
2026-09-23T09:52:14.268Z,653,28,19348,32400,1.380,1.800,93.4,4,29,179.3,103,34,16,0.57,23726
2026-09-23T09:52:40.320Z,654,24,19357,32433,1.350,1.570,92.5,1,8,98.0,116,34,16,0.24,23752
2026-09-23T09:53:04.384Z,655,19,19364,32465,1.570,1.450,83.1,1,17,183.0,112,35,16,0.96,23776
2026-09-23T09:53:34.489Z,656,26,19385,32499,1.280,1.670,94.1,1,1,129.5,113,36,16,0.04,23806
2026-09-23T09:54:04.596Z,657,24,19394,32530,1.310,1.520,72.3,2,23,95.3,115,35,16,0.96,23836
2026-09-23T09:54:49.631Z,658,24,19427,32583,1.510,2.020,97.0,1,6,187.4,116,33,16,0.70,23881
2026-09-23T09:55:12.895Z,659,29,19470,32641,1.300,2.050,92.9,2,32,160.2,105,36,16,0.64,23905
2026-09-23T09:55:32.969Z,660,21,19496,32695,1.470,2.020,89.1,1,36,171.8,102,36,16,0.02,23925
2026-09-23T09:56:01.028Z,661,24,19507,32723,1.420,1.780,88.5,1,9,193.1,108,33,16,1.00,23953
2026-09-23T09:56:35.224Z,662,29,19536,32767,1.280,1.710,79.9,2,28,178.8,109,28,16,0.06,23987
2026-09-23T09:57:05.233Z,663,20,19542,32802,1.510,1.660,88.7,0,0,100.0,121,29,16,0.94,24017
2026-09-23T09:57:43.436Z,664,25,19585,32860,1.480,1.930,74.8,1,30,203.7,110,35,16,0.39,24055
2026-09-23T09:58:13.534Z,665,27,19597,32890,1.360,1.450,86.2,3,34,173.8,99,41,16,0.60,24085
2026-09-23T09:58:41.592Z,666,22,19609,32927,1.330,1.880,103.3,2,27,136.1,107,41,16,0.30,24113
2026-09-23T09:59:11.699Z,667,23,19619,32956,1.610,1.800,76.5,2,7,194.1,124,25,16,0.70,24144
2026-09-23T09:59:39.859Z,668,22,19631,32989,1.370,1.240,95.2,1,22,93.4,108,38,16,0.22,24172
2026-09-23T10:00:15.901Z,669,32,19661,33029,1.280,2.190,90.6,2,29,177.9,105,30,16,0.48,24208
2026-09-23T10:01:10.188Z,670,30,19686,33076,1.280,1.420,100.6,1,26,177.0,94,49,16,0.77,24262
2026-09-23T10:01:50.285Z,671,25,19697,33112,1.230,1.660,91.6,1,2,129.0,98,50,16,0.73,24302
2026-09-23T10:02:18.762Z,672,28,19723,33155,1.140,2.000,98.4,2,18,134.2,93,46,16,0.34,24331
2026-09-23T10:02:42.445Z,673,28,19755,33207,1.200,1.620,91.7,1,2,189.2,110,36,16,0.34,24354
2026-09-23T10:03:14.593Z,674,27,19818,33291,1.200,1.860,76.5,2,15,182.6,117,30,16,0.55,24386
2026-09-23T10:03:44.695Z,675,26,19853,33347,1.340,1.570,85.4,1,11,96.3,111,34,16,0.46,24417
2026-09-23T10:04:30.884Z,676,28,19893,33405,1.190,1.700,108.7,2,23,176.9,115,34,16,0.00,24463
2026-09-23T10:05:06.928Z,677,30,19944,33474,1.050,1.700,93.7,2,28,98.1,109,34,16,0.89,24499
2026-09-23T10:05:41.163Z,678,23,20008,33565,1.410,1.560,76.1,1,10,185.0,110,38,16,0.28,24533
2026-09-23T10:06:07.141Z,679,25,20028,33603,1.300,1.650,92.7,1,18,101.5,97,44,16,0.89,24559
2026-09-23T10:06:43.302Z,680,23,20081,33678,1.460,1.790,92.1,1,1,189.7,111,38,16,0.38,24595
2026-09-23T10:07:29.475Z,681,23,20093,33710,1.470,1.770,88.9,2,22,113.7,112,33,16,0.00,24641
2026-09-23T10:08:03.575Z,682,28,20121,33753,1.140,1.630,92.8,2,24,135.2,97,50,16,0.98,24675
2026-09-23T10:08:29.683Z,683,27,20140,33793,1.380,2.060,98.2,2,18,180.9,118,27,16,0.00,24702
2026-09-23T10:09:13.819Z,684,22,20169,33847,1.290,1.620,85.6,1,22,135.9,122,27,16,0.59,24746
2026-09-23T10:09:45.972Z,685,31,20196,33885,1.070,1.900,101.2,2,16,95.6,116,32,16,0.52,24778
2026-09-23T10:10:50.659Z,686,25,20273,33988,1.330,1.700,98.4,2,23,180.8,102,38,16,0.74,24842
2026-09-23T10:11:36.259Z,687,23,20280,34017,1.480,2.040,93.3,1,7,98.1,112,35,17,0.09,24888
2026-09-23T10:12:16.451Z,688,24,20312,34068,1.400,1.950,87.7,2,22,94.3,119,25,16,0.46,24928
2026-09-23T10:12:50.870Z,689,23,20333,34110,1.460,1.740,99.9,1,5,187.7,115,33,16,0.75,24962
2026-09-23T10:13:22.648Z,690,29,20364,34155,1.360,1.910,73.2,1,19,181.1,107,33,16,0.16,24994
2026-09-23T10:14:16.824Z,691,23,20390,34207,1.430,1.420,99.3,2,34,174.1,99,39,16,0.43,25049
2026-09-23T10:14:59.016Z,692,33,20416,34243,1.090,2.150,82.8,2,32,177.3,100,30,16,0.99,25091
2026-09-23T10:15:27.072Z,693,21,20521,34380,1.530,1.540,92.5,2,7,186.6,116,29,16,0.03,25119
2026-09-23T10:16:13.257Z,694,22,20568,34446,1.490,1.660,98.3,1,1,189.6,106,42,16,0.62,25165
2026-09-23T10:16:45.306Z,695,22,20591,34489,1.490,1.770,78.6,1,33,172.0,98,47,16,0.49,25197
2026-09-23T10:17:11.426Z,696,24,20599,34515,1.440,1.900,78.9,1,13,227.3,110,33,16,0.71,25223
2026-09-23T10:17:51.807Z,697,26,20620,34554,1.170,1.950,87.0,4,19,211.8,105,41,16,0.80,25264
2026-09-23T10:18:09.584Z,698,20,20639,34599,1.520,1.870,88.3,1,9,164.4,111,37,16,0.79,25281
2026-09-23T10:18:41.949Z,699,25,20659,34634,1.450,1.860,82.5,2,35,174.2,104,30,16,0.32,25314
2026-09-23T10:19:05.800Z,700,25,20671,34666,1.330,1.830,87.6,1,20,181.2,113,33,16,0.93,25338
2026-09-23T10:19:29.869Z,701,21,20733,34752,1.660,1.870,91.5,1,6,98.7,112,37,16,0.00,25362
2026-09-23T10:20:08.060Z,702,24,20740,34776,1.340,1.840,90.0,1,8,103.8,114,34,16,0.85,25400
2026-09-23T10:20:48.201Z,703,32,20758,34806,1.150,1.890,89.5,2,25,183.3,101,38,16,0.64,25440
2026-09-23T10:21:56.403Z,704,20,20775,34855,1.500,1.680,93.5,1,35,177.1,101,38,16,0.95,25508
2026-09-23T10:22:24.466Z,705,24,20784,34880,1.430,1.520,96.6,2,20,179.2,106,41,16,0.10,25536
2026-09-23T10:22:54.674Z,706,26,20817,34931,1.290,1.980,68.6,1,9,185.2,109,39,16,0.91,25566
2026-09-23T10:23:40.757Z,707,21,20885,35024,1.550,1.900,88.8,1,19,181.5,111,39,16,0.26,25613
2026-09-23T10:24:08.914Z,708,25,20903,35058,1.310,1.720,93.4,1,30,177.9,110,34,16,0.82,25641
2026-09-23T10:24:47.006Z,709,26,20946,35120,1.350,1.280,90.1,1,14,183.1,113,30,16,0.58,25679
2026-09-23T10:25:17.112Z,710,27,20965,35158,1.080,1.820,92.9,2,14,183.7,110,33,16,0.42,25709
2026-09-23T10:26:15.276Z,711,27,21021,35234,1.380,1.920,99.9,1,9,117.4,99,49,16,0.52,25767
2026-09-23T10:26:53.469Z,712,20,21034,35274,1.580,1.720,93.6,1,22,178.5,108,36,16,0.87,25805
2026-09-23T10:27:33.612Z,713,21,21047,35306,1.510,1.880,90.0,1,32,175.6,116,27,16,0.03,25845
2026-09-23T10:27:59.638Z,714,26,21055,35329,1.520,1.600,88.1,1,28,175.0,111,30,16,1.00,25871
2026-09-23T10:28:27.781Z,715,21,21059,35358,1.380,1.540,91.2,1,10,97.4,100,48,16,0.02,25900
2026-09-23T10:28:57.895Z,716,28,21106,35418,1.380,1.990,97.3,3,24,180.0,101,36,16,0.98,25930
2026-09-23T10:29:20.193Z,717,29,21122,35453,1.110,1.630,84.5,1,16,182.2,114,36,16,0.27,25952
2026-09-23T10:30:16.132Z,718,22,21167,35525,1.420,1.920,96.5,1,26,211.6,108,42,16,0.47,26008
2026-09-23T10:30:42.240Z,719,34,21185,35551,1.140,1.380,73.7,3,10,185.2,101,41,16,0.33,26034
2026-09-23T10:31:10.291Z,720,29,21203,35594,1.350,1.640,86.8,2,26,176.5,99,40,16,0.76,26062
2026-09-23T10:31:49.126Z,721,25,21241,35656,1.490,1.770,87.6,2,26,178.1,111,35,15,0.67,26101
2026-09-23T10:32:30.577Z,722,23,21251,35688,1.170,1.710,99.2,1,9,103.6,118,31,16,0.00,26142
2026-09-23T10:33:06.723Z,723,22,21283,35741,1.480,1.660,86.1,1,15,184.1,104,42,16,0.90,26179
2026-09-23T10:33:34.782Z,724,21,21290,35769,1.590,1.820,90.4,1,11,184.8,108,40,16,0.05,26207
2026-09-23T10:34:16.978Z,725,24,21301,35797,1.280,1.910,85.8,1,29,95.3,111,39,16,0.43,26249
2026-09-23T10:34:55.066Z,726,23,21350,35867,1.450,1.880,84.6,1,8,186.4,104,42,16,0.92,26287
2026-09-23T10:35:19.922Z,727,25,21358,35893,1.320,1.790,85.4,2,2,129.0,116,33,16,0.28,26312
2026-09-23T10:35:57.327Z,728,32,21386,35934,1.150,1.870,84.5,2,33,207.3,108,27,16,0.97,26349
2026-09-23T10:36:25.381Z,729,22,21433,36011,1.480,1.760,97.2,2,24,180.6,112,33,16,0.07,26377
2026-09-23T10:37:15.556Z,730,25,21467,36062,1.330,1.930,81.7,1,14,183.3,110,34,16,0.50,26427
2026-09-23T10:38:01.747Z,731,21,21485,36104,1.590,1.750,90.5,1,21,179.9,100,40,16,1.00,26474
2026-09-23T10:38:27.854Z,732,21,21509,36148,1.390,1.990,90.1,1,19,178.5,113,33,15,0.02,26500
2026-09-23T10:38:55.911Z,733,25,21522,36177,1.560,1.610,87.5,1,22,180.2,112,33,16,0.94,26528
2026-09-23T10:40:06.158Z,734,24,21539,36215,1.310,2.250,78.5,2,31,168.0,106,38,16,0.92,26598
2026-09-23T10:41:02.383Z,735,20,21550,36250,1.410,1.880,94.7,0,0,100.0,114,36,17,0.99,26654
2026-09-23T10:42:40.691Z,736,25,21803,36518,1.330,1.790,93.2,2,19,136.9,114,35,16,0.25,26752
2026-09-23T10:43:22.873Z,737,25,21826,36561,1.280,1.850,97.6,3,26,150.2,104,45,16,0.15,26795
2026-09-23T10:43:54.919Z,738,35,21877,36622,1.050,1.650,85.4,3,17,180.7,102,37,16,0.91,26827
2026-09-23T10:44:25.027Z,739,27,21955,36728,1.450,2.000,94.2,1,17,101.4,108,34,16,0.08,26857
2026-09-23T10:45:21.891Z,740,28,22015,36807,1.190,1.850,95.4,1,20,128.0,105,40,16,0.21,26913
2026-09-23T10:45:45.314Z,741,20,22030,36850,1.670,1.650,91.5,0,0,100.0,106,44,17,0.49,26937
2026-09-23T10:46:23.517Z,742,25,22055,36890,1.540,1.670,90.1,1,20,179.9,101,44,16,0.13,26975
2026-09-23T10:46:59.664Z,743,29,22067,36918,1.290,1.820,82.5,2,17,197.2,109,30,16,1.00,27011
2026-09-23T10:47:59.765Z,744,20,22195,37075,1.490,1.840,85.8,1,18,188.1,111,36,15,1.00,27072
2026-09-23T10:48:40.011Z,745,25,22251,37146,1.310,1.570,89.1,1,29,211.4,105,40,16,0.22,27112
2026-09-23T10:49:10.115Z,746,26,22280,37194,1.190,1.880,106.0,2,32,183.1,102,40,16,0.77,27142
2026-09-23T10:49:26.101Z,747,28,22294,37226,1.340,1.850,73.6,2,23,181.3,101,40,16,0.05,27158
2026-09-23T10:49:56.197Z,748,23,22301,37258,1.470,1.840,78.3,1,20,97.7,108,41,16,0.95,27188
2026-09-23T10:51:10.549Z,749,26,22322,37296,1.440,1.740,87.6,1,2,99.4,111,37,16,0.75,27262
2026-09-23T10:51:32.558Z,750,22,22351,37349,1.420,1.640,87.6,1,6,188.0,106,39,15,0.01,27284
2026-09-23T10:52:02.663Z,751,22,22365,37383,1.550,1.990,93.7,1,21,167.5,104,45,16,0.99,27314
2026-09-23T10:52:49.129Z,752,32,22480,37508,1.150,1.610,97.6,2,27,155.9,106,27,16,0.68,27361
2026-09-23T10:53:16.904Z,753,27,22515,37568,1.180,1.800,93.1,2,5,187.5,104,42,16,0.43,27389
2026-09-23T10:53:45.064Z,754,28,22534,37606,1.280,1.740,92.9,2,10,184.7,105,43,16,0.47,27417
2026-09-23T10:54:20.066Z,755,26,22585,37679,1.400,1.840,106.3,2,36,168.2,107,36,16,0.28,27452
2026-09-23T10:54:59.304Z,756,35,22612,37717,1.090,2.270,87.3,2,25,214.1,104,37,17,1.00,27491
2026-09-23T10:55:31.462Z,757,30,22687,37817,1.260,1.910,91.2,3,9,111.0,116,28,16,0.00,27523
2026-09-23T10:56:03.510Z,758,25,22728,37883,1.260,1.500,96.1,1,20,180.6,107,37,16,0.98,27555
2026-09-23T10:56:39.658Z,759,26,22750,37924,1.250,1.890,90.7,2,14,183.0,102,45,16,0.21,27591
2026-09-23T10:57:07.722Z,760,28,22782,37974,1.420,1.870,93.4,2,27,145.4,99,40,17,0.87,27619
2026-09-23T10:57:31.883Z,761,24,22796,38012,1.470,1.780,82.2,2,25,176.7,96,39,16,0.00,27644
2026-09-23T10:57:59.941Z,762,23,22809,38046,1.220,1.530,95.0,2,33,130.9,105,40,16,1.00,27672
2026-09-23T10:58:26.056Z,763,22,22820,38078,1.250,1.600,90.5,1,13,184.2,106,43,16,0.06,27698
2026-09-23T10:59:00.153Z,764,23,22830,38107,1.410,1.740,96.3,1,9,125.5,106,40,16,1.00,27732
2026-09-23T10:59:38.245Z,765,22,22848,38146,1.390,2.080,94.9,1,12,96.6,106,43,16,0.15,27770
2026-09-23T11:00:00.365Z,766,23,22859,38176,1.470,1.800,110.8,1,5,187.5,116,28,16,1.00,27792
2026-09-23T11:00:30.472Z,767,24,22869,38205,1.330,1.340,101.8,1,11,96.8,120,27,16,0.00,27822
2026-09-23T11:01:00.576Z,768,21,22874,38233,1.680,2.040,79.7,1,9,186.4,115,30,16,1.00,27852
2026-09-23T11:01:28.640Z,769,22,22880,38258,1.300,1.520,97.5,1,4,106.0,114,36,16,0.01,27880
2026-09-23T11:01:58.746Z,770,21,22898,38297,1.580,1.800,68.1,1,11,185.4,111,36,16,0.99,27911
2026-09-23T11:02:36.951Z,771,22,22912,38330,1.440,1.610,91.9,1,16,180.1,109,40,16,0.11,27949
2026-09-23T11:02:58.952Z,772,34,22941,38367,1.180,1.770,85.3,4,28,176.7,102,39,16,0.99,27971
2026-09-23T11:03:31.120Z,773,20,23034,38494,1.670,1.730,93.0,0,0,100.0,108,42,16,0.00,28003
2026-09-23T11:04:39.318Z,774,22,23073,38551,1.500,1.510,87.8,1,5,107.5,109,38,17,0.19,28071
2026-09-23T11:05:21.845Z,775,26,23088,38582,1.170,1.910,83.7,1,1,99.8,110,39,15,0.21,28113
2026-09-23T11:05:55.600Z,776,30,23112,38622,1.170,1.570,95.4,2,16,183.4,110,27,17,0.93,28147
2026-09-23T11:06:35.738Z,777,26,23154,38688,1.350,1.300,87.0,1,33,202.9,96,49,16,0.07,28187
2026-09-23T11:06:57.856Z,778,20,23166,38726,1.370,1.810,79.0,0,0,100.0,107,43,16,0.98,28210
2026-09-23T11:07:54.077Z,779,27,23204,38777,1.340,1.890,101.7,2,15,165.2,106,33,17,0.89,28266
2026-09-23T11:08:21.256Z,780,18,23232,38834,1.540,1.900,87.1,1,45,156.9,108,42,17,0.24,28293
2026-09-23T11:08:50.883Z,781,24,23240,38856,1.550,1.710,94.2,1,29,200.4,106,32,16,0.76,28323
2026-09-23T11:09:20.887Z,782,22,23257,38895,1.410,1.790,88.2,2,41,116.9,106,41,16,0.24,28353
2026-09-23T11:09:48.458Z,783,21,23263,38922,1.480,1.790,88.2,1,23,182.0,106,39,16,0.65,28380
2026-09-23T11:10:12.623Z,784,24,23274,38950,1.480,1.620,80.5,2,21,182.1,102,41,14,0.65,28404
2026-09-23T11:10:42.733Z,785,31,23296,38985,1.180,1.730,90.4,2,35,178.6,101,38,14,0.35,28434
2026-09-23T11:11:00.757Z,786,23,23305,39022,1.270,1.640,87.4,1,8,193.7,114,36,16,1.00,28453
2026-09-23T11:11:51.659Z,787,30,23334,39064,1.220,1.940,88.2,2,23,178.2,111,33,16,0.77,28503
2026-09-23T11:12:21.484Z,788,24,23387,39143,1.560,1.680,109.4,2,12,185.3,109,35,15,0.23,28533
2026-09-23T11:13:07.220Z,789,20,23396,39176,1.580,1.600,85.7,0,0,100.0,120,30,16,0.89,28579
2026-09-23T11:14:07.427Z,790,21,23421,39220,1.680,1.570,80.5,1,1,189.5,119,30,15,0.88,28639
2026-09-23T11:14:59.782Z,791,28,23464,39276,1.290,1.550,81.2,2,20,178.8,115,25,16,1.00,28691
2026-09-23T11:15:47.865Z,792,21,23473,39312,1.430,1.720,88.3,2,31,90.2,124,23,16,0.61,28740
2026-09-23T11:16:10.206Z,793,25,23482,39337,1.250,1.920,73.1,1,30,91.7,103,40,15,0.77,28762
2026-09-23T11:16:49.405Z,794,22,23498,39376,1.550,1.560,85.8,1,25,93.5,119,25,16,0.69,28801
2026-09-23T11:17:20.341Z,795,22,23518,39416,1.340,1.700,89.9,1,22,184.4,104,46,14,0.28,28832
2026-09-23T11:18:00.193Z,796,24,23528,39444,1.390,1.770,85.4,1,1,189.5,105,44,16,1.00,28872
2026-09-23T11:18:54.462Z,797,21,23560,39499,1.340,1.460,87.8,1,32,174.7,109,30,15,0.90,28926
2026-09-23T11:19:18.527Z,798,23,23572,39529,1.270,1.560,83.6,1,6,98.3,114,34,15,0.35,28950
2026-09-23T11:19:46.586Z,799,25,23582,39557,1.460,1.520,85.6,2,21,94.0,108,38,14,0.55,28978
2026-09-23T11:20:10.654Z,800,27,23597,39590,1.290,1.700,82.3,2,29,178.2,112,32,14,0.75,29002
2026-09-23T11:20:32.769Z,801,22,23609,39627,1.810,1.700,87.9,1,25,180.6,112,29,14,0.01,29025
2026-09-23T11:20:54.889Z,802,23,23626,39663,1.370,1.840,88.5,1,23,180.2,104,38,16,0.91,29047
2026-09-23T11:21:22.944Z,803,28,23639,39691,1.390,2.050,84.8,2,30,175.2,108,33,16,0.15,29075
2026-09-23T11:21:51.589Z,804,34,23658,39724,0.960,1.590,96.0,2,6,187.6,120,25,16,0.78,29103
2026-09-23T11:22:17.118Z,805,32,23730,39818,1.120,1.760,87.0,2,11,169.1,118,28,16,0.42,29129
2026-09-23T11:22:51.580Z,806,22,23862,39980,1.530,1.710,90.8,1,16,151.4,106,38,15,0.78,29163
2026-09-23T11:23:27.369Z,807,25,23871,40006,1.320,1.900,90.2,1,11,185.1,107,37,16,0.03,29199
2026-09-23T11:23:49.471Z,808,22,23880,40038,1.470,1.950,91.2,1,1,189.6,104,45,16,0.69,29221
2026-09-23T11:24:35.565Z,809,20,23892,40072,1.300,1.790,83.9,0,0,100.0,120,30,14,0.07,29267
2026-09-23T11:25:11.709Z,810,20,23969,40169,1.470,1.810,95.0,1,35,176.9,110,36,16,0.70,29303
2026-09-23T11:25:43.864Z,811,31,23986,40195,1.110,2.080,86.5,2,26,178.2,108,39,16,0.41,29336
2026-09-23T11:26:15.917Z,812,31,24008,40237,1.170,1.760,89.7,2,32,174.9,108,35,15,0.48,29368
2026-09-23T11:26:42.030Z,813,23,24022,40279,1.550,1.870,81.4,1,27,99.1,115,32,14,0.32,29394
2026-09-23T11:27:18.190Z,814,31,24067,40336,1.180,1.720,94.6,3,30,183.2,99,40,16,0.37,29430
2026-09-23T11:28:00.367Z,815,20,24102,40402,1.540,1.460,90.1,0,1,189.6,113,34,16,1.00,29472
2026-09-23T11:28:32.416Z,816,25,24114,40429,1.220,1.570,85.2,1,17,182.5,114,32,15,0.01,29504
2026-09-23T11:29:16.655Z,817,22,24137,40475,1.470,1.470,85.9,1,16,182.8,103,40,16,0.45,29548
2026-09-23T11:29:58.745Z,818,23,24150,40507,1.440,1.500,83.1,1,34,175.7,113,30,14,0.99,29590
2026-09-23T11:30:28.849Z,819,24,24159,40535,1.450,1.560,93.4,1,16,183.2,110,35,14,0.01,29621
2026-09-23T11:30:51.449Z,820,25,24168,40563,1.430,1.790,87.0,1,25,181.3,100,42,14,0.77,29643
2026-09-23T11:31:16.981Z,821,26,24193,40607,1.170,1.690,100.5,2,14,182.9,115,33,15,0.43,29669
2026-09-23T11:31:49.523Z,822,23,24238,40675,1.450,1.990,92.3,2,26,184.1,106,42,16,0.69,29701
2026-09-23T11:32:09.204Z,823,26,24253,40707,1.180,1.720,97.6,1,1,99.8,117,32,13,0.81,29721
2026-09-23T11:32:53.340Z,824,25,24296,40771,1.440,1.870,87.4,2,24,179.2,106,41,12,0.86,29765
2026-09-23T11:33:23.433Z,825,25,24308,40803,1.320,1.870,90.2,1,13,182.6,110,31,17,0.14,29795
2026-09-23T11:33:53.540Z,826,29,24322,40833,1.270,1.820,78.6,2,13,184.3,102,43,15,0.87,29825
2026-09-23T11:34:23.654Z,827,22,24359,40897,1.540,1.700,80.2,1,8,187.2,116,32,15,0.13,29855
2026-09-23T11:34:50.153Z,828,27,24383,40936,1.290,1.870,94.3,2,19,182.9,107,34,15,0.72,29882
2026-09-23T11:35:22.102Z,829,29,24400,40971,1.350,1.460,99.1,2,22,99.0,106,37,15,0.19,29914
2026-09-23T11:35:43.955Z,830,23,24410,41007,1.440,1.430,83.6,1,14,183.3,114,36,15,0.41,29936
2026-09-23T11:36:15.993Z,831,23,24422,41039,1.370,1.600,93.3,1,5,135.4,116,30,16,0.48,29968
2026-09-23T11:36:54.186Z,832,22,24460,41098,1.420,1.600,102.2,1,22,187.8,106,44,11,0.89,30006
2026-09-23T11:37:36.280Z,833,24,24475,41131,1.280,1.830,89.3,2,10,119.5,105,45,9,0.08,30048
2026-09-23T11:38:06.333Z,834,20,24488,41168,1.670,1.680,83.4,1,21,193.0,106,44,10,0.91,30078
2026-09-23T11:38:48.563Z,835,26,24513,41207,1.420,1.740,83.7,2,8,98.5,99,48,5,0.65,30120
2026-09-23T11:39:32.782Z,836,20,24527,41247,1.560,1.720,85.6,1,7,187.5,114,36,11,0.01,30164
2026-09-23T11:40:02.774Z,837,22,24531,41269,1.530,1.780,93.2,1,21,101.5,118,29,9,0.99,30194
2026-09-23T11:40:37.481Z,838,22,24543,41301,1.270,1.990,86.8,2,36,169.8,109,40,6,0.12,30229
2026-09-23T11:41:11.114Z,839,22,24560,41338,1.700,1.770,81.3,1,9,186.2,105,41,8,0.73,30263
2026-09-23T11:42:23.413Z,840,19,24565,41366,1.540,1.810,90.4,1,5,188.1,105,41,9,0.14,30335
2026-09-23T11:43:03.550Z,841,25,24612,41427,1.510,1.750,74.0,1,5,218.0,111,33,9,0.98,30375
2026-09-23T11:43:55.445Z,842,33,24662,41489,1.120,1.800,95.7,2,37,175.8,95,39,8,0.93,30427
2026-09-23T11:44:31.885Z,843,18,24679,41541,1.640,1.840,102.3,1,28,162.8,108,41,11,0.00,30464
2026-09-23T11:45:25.115Z,844,27,24702,41575,1.530,1.850,97.7,2,27,174.3,109,35,16,0.08,30517
2026-09-23T11:46:32.353Z,845,22,24710,41608,1.480,1.810,113.2,2,17,181.3,109,40,15,0.01,30584
2026-09-23T11:47:06.614Z,846,20,24711,41631,1.480,1.960,91.0,0,0,100.0,114,36,16,0.91,30618
2026-09-23T11:47:54.648Z,847,22,24763,41701,1.420,1.650,91.9,1,23,179.4,106,35,17,0.90,30666
2026-09-23T11:48:49.008Z,848,25,24776,41731,1.250,1.600,96.4,1,3,188.3,114,33,15,0.67,30721
2026-09-23T11:50:31.251Z,849,23,25009,41986,1.380,1.840,95.2,1,7,98.1,112,36,16,0.00,30823
2026-09-23T11:51:25.519Z,850,32,25038,42026,1.080,1.790,79.2,2,23,178.8,100,37,16,0.07,30877
2026-09-23T11:52:17.891Z,851,27,25078,42091,1.330,1.890,77.6,4,30,177.2,112,30,16,0.39,30930
2026-09-23T11:52:47.788Z,852,22,25087,42125,1.570,1.620,82.3,1,16,96.1,111,35,15,0.61,30959
2026-09-23T11:53:30.011Z,853,23,25096,42153,1.290,2.010,104.8,1,3,173.5,110,39,16,0.00,31002
2026-09-23T11:54:18.373Z,854,25,25141,42216,1.320,1.580,87.5,1,9,126.2,109,40,16,0.36,31050
2026-09-23T11:55:06.365Z,855,22,25155,42253,1.410,1.470,75.2,1,6,187.4,114,34,15,0.91,31098
2026-09-23T11:55:42.564Z,856,25,25184,42299,1.370,1.550,92.8,1,7,186.8,109,37,15,0.34,31134
2026-09-23T11:56:36.689Z,857,24,25199,42335,1.410,1.540,97.6,1,16,96.2,116,29,15,0.10,31188
2026-09-23T11:57:26.874Z,858,30,25226,42376,1.300,1.590,90.1,3,24,152.9,111,29,15,0.04,31239
2026-09-23T11:57:58.956Z,859,22,25238,42416,1.350,1.540,80.9,1,29,117.5,111,39,16,0.99,31271
2026-09-23T11:58:41.193Z,860,21,25256,42455,1.670,1.830,88.3,1,29,179.7,120,28,16,0.27,31313
2026-09-23T11:59:26.876Z,861,21,25270,42489,1.420,2.030,86.3,2,62,196.1,105,38,16,0.04,31359
2026-09-23T11:59:59.430Z,862,25,25281,42516,1.440,1.610,88.7,1,27,195.8,101,40,15,1.00,31391
2026-09-23T12:00:27.692Z,863,23,25299,42556,1.430,1.580,90.2,1,1,114.6,108,42,16,0.02,31419
2026-09-23T12:01:25.818Z,864,22,25321,42599,1.360,1.630,95.9,2,33,178.4,111,24,8,0.06,31477
2026-09-23T12:02:03.891Z,865,30,25341,42631,1.250,2.060,92.4,3,28,107.5,115,28,8,0.97,31516
2026-09-23T12:03:06.048Z,866,21,25365,42684,1.470,1.970,69.8,1,30,179.9,114,31,7,0.92,31578
2026-09-23T12:04:25.058Z,867,32,25429,42757,1.020,1.700,98.2,2,118,155.9,100,25,8,0.08,31657
2026-09-23T12:06:00.698Z,868,23,25544,42901,1.280,1.880,93.8,1,21,180.3,119,25,8,1.00,31752
2026-09-23T12:06:32.757Z,869,27,25579,42952,1.420,1.570,96.8,2,22,183.5,100,37,8,0.01,31784
2026-09-23T12:08:27.178Z,870,21,25596,42995,1.560,1.890,97.7,1,22,138.0,109,40,7,0.03,31899
2026-09-23T12:09:05.375Z,871,28,25607,43019,1.170,1.990,102.3,2,20,182.8,109,36,7,0.94,31937
2026-09-23T12:09:47.422Z,872,23,25616,43053,1.460,2.020,90.4,1,8,187.0,107,42,8,0.59,31979
2026-09-23T12:10:43.677Z,873,20,25627,43087,1.330,1.900,103.5,0,0,100.0,117,33,8,0.40,32035
2026-09-23T12:11:33.857Z,874,31,25664,43133,1.100,1.920,100.8,1,24,101.3,101,44,8,0.03,32086
2026-09-23T12:12:08.061Z,875,26,25752,43246,1.340,1.930,93.1,1,5,98.7,106,43,8,0.86,32120
2026-09-23T12:13:14.179Z,876,20,25767,43287,1.480,1.760,86.6,0,0,100.0,120,30,7,0.58,32186
2026-09-23T12:14:04.384Z,877,22,25795,43333,1.640,1.880,90.3,1,19,184.1,106,37,7,0.96,32236
2026-09-23T12:14:40.590Z,878,23,25804,43361,1.470,1.790,91.7,1,23,181.7,112,27,7,0.25,32272
2026-09-23T12:15:30.660Z,879,25,25831,43406,1.410,1.870,87.8,1,20,184.0,109,36,7,0.00,32322
2026-09-23T12:17:35.191Z,880,28,25894,43486,1.180,1.930,102.9,1,33,118.2,113,32,7,0.05,32447
2026-09-23T12:18:45.342Z,881,21,25913,43532,1.480,1.740,95.6,1,26,184.2,108,38,7,0.48,32517
2026-09-23T12:20:05.655Z,882,24,25934,43570,1.370,1.760,104.4,1,11,193.2,107,42,7,0.93,32597
2026-09-23T12:20:55.213Z,883,25,25952,43607,1.230,1.740,85.9,3,38,189.3,112,31,7,0.92,32647
2026-09-23T12:21:44.072Z,884,23,25995,43672,1.500,1.990,95.0,1,23,94.9,109,36,7,0.42,32696
2026-09-23T12:23:18.336Z,885,22,26011,43709,1.380,2.020,99.5,1,21,94.8,115,29,7,0.36,32790
2026-09-23T12:24:24.689Z,886,22,26020,43738,1.560,1.880,81.1,1,17,184.6,106,41,7,0.10,32856
2026-09-23T12:25:23.800Z,887,24,26029,43765,1.440,1.890,79.5,1,6,98.7,117,29,7,0.13,32915
2026-09-23T12:26:04.890Z,888,26,26061,43815,1.310,1.590,78.3,1,9,98.0,105,43,7,0.95,32957
2026-09-23T12:26:43.098Z,889,29,26098,43869,1.240,1.930,76.0,1,12,185.2,114,30,7,0.37,32995
2026-09-23T12:27:57.343Z,890,25,26181,43976,1.350,1.610,74.6,1,12,186.2,109,39,7,0.97,33069
2026-09-23T12:28:53.999Z,891,28,26201,44013,1.220,1.810,86.2,1,15,185.0,110,34,7,0.88,33126
2026-09-23T12:29:39.865Z,892,30,26269,44099,1.020,1.780,100.3,2,18,182.5,102,41,8,0.21,33172
2026-09-23T12:30:33.952Z,893,28,26322,44174,1.200,2.130,83.0,2,10,98.0,102,45,5,0.03,33226
2026-09-23T12:31:30.059Z,894,26,26351,44225,1.290,1.970,91.4,2,21,182.4,103,37,7,0.00,33282
2026-09-23T12:32:20.206Z,895,33,26382,44269,1.050,1.900,90.7,2,21,183.1,104,34,5,0.27,33332
2026-09-23T12:33:04.623Z,896,25,26404,44319,1.470,1.750,79.2,3,22,182.6,101,38,6,0.96,33376
2026-09-23T12:34:06.635Z,897,23,26423,44360,1.530,1.430,98.5,3,32,180.2,103,33,8,0.91,33438
2026-09-23T12:36:03.063Z,898,22,26449,44407,1.500,1.570,93.3,1,15,186.2,109,39,6,0.98,33555
2026-09-23T12:37:37.316Z,899,25,26460,44435,1.530,1.660,86.1,2,28,189.6,115,32,6,0.11,33649
2026-09-23T12:38:49.583Z,900,20,26481,44481,1.560,1.410,91.0,0,0,100.0,108,42,7,0.70,33721
2026-09-23T12:39:31.868Z,901,25,26501,44516,1.300,1.690,89.3,1,2,99.6,112,34,6,0.00,33764
2026-09-23T12:45:50.235Z,902,25,26522,44557,1.450,1.640,79.9,1,8,186.7,115,30,7,0.73,34142
2026-09-23T12:46:21.350Z,903,24,26536,44592,1.530,1.810,81.4,1,7,98.6,115,33,8,0.22,34173
2026-09-23T12:46:55.257Z,904,25,26552,44627,1.250,1.840,90.2,1,1,189.6,118,30,6,0.92,34207
2026-09-23T12:48:25.584Z,905,20,26630,44730,1.570,1.700,91.6,1,30,177.8,115,30,7,0.07,34297
2026-09-23T12:49:11.757Z,906,29,26661,44772,1.200,1.590,66.7,3,9,186.9,109,28,9,0.70,34343
2026-09-23T12:49:49.882Z,907,28,26679,44811,1.170,1.700,82.9,1,9,133.2,117,30,8,0.71,34382
2026-09-23T12:51:36.764Z,908,38,26768,44910,1.070,1.860,83.7,4,24,181.0,101,36,7,0.09,34488
2026-09-23T12:52:12.441Z,909,24,26807,44983,1.330,1.490,89.4,2,24,195.1,99,47,7,0.67,34524
2026-09-23T12:52:58.584Z,910,25,26820,45015,1.330,1.510,95.4,1,8,187.2,100,47,7,0.99,34570
2026-09-23T12:53:28.726Z,911,27,26859,45072,1.320,1.550,82.7,2,26,95.7,109,33,7,0.01,34600
2026-09-23T12:54:18.961Z,912,28,26902,45134,1.220,1.510,96.8,2,25,180.9,98,50,7,0.33,34651
2026-09-23T12:55:27.090Z,913,22,26912,45170,1.480,1.510,86.6,1,7,112.3,120,30,6,0.04,34719
2026-09-23T12:57:05.760Z,914,25,26960,45235,1.380,1.780,86.7,1,22,120.8,108,42,6,0.93,34817
2026-09-23T12:57:53.636Z,915,21,26971,45270,1.670,1.950,90.6,1,29,181.5,110,35,7,0.87,34865
2026-09-23T12:58:59.892Z,916,26,26985,45299,1.540,1.720,84.0,1,20,180.6,112,29,7,1.00,34932
2026-09-23T13:02:18.612Z,917,22,27163,45501,1.550,1.420,81.5,1,18,181.2,119,27,7,0.35,35130
2026-09-23T13:03:08.834Z,918,24,27174,45530,1.510,1.750,81.6,1,6,102.1,108,39,7,0.83,35180
2026-09-23T13:03:42.900Z,919,29,27189,45560,1.220,1.630,89.6,2,27,128.6,94,50,7,0.35,35215
2026-09-23T13:04:15.049Z,920,24,27197,45593,1.370,1.980,84.5,1,9,187.4,114,32,7,0.54,35247
2026-09-23T13:04:59.096Z,921,26,27220,45634,1.100,1.720,92.5,2,26,95.2,108,40,7,0.99,35291
2026-09-23T13:06:17.417Z,922,20,27234,45674,1.400,1.880,93.9,1,7,195.0,109,41,7,0.41,35369
2026-09-23T13:06:49.571Z,923,24,27247,45703,1.450,1.850,104.0,2,21,182.4,110,31,7,0.70,35401
2026-09-23T13:07:31.716Z,924,26,27267,45741,1.220,1.950,90.3,2,11,128.7,114,35,7,0.00,35443
2026-09-23T13:08:45.899Z,925,25,27427,45922,1.520,1.530,94.4,1,4,188.6,109,36,7,0.51,35518
2026-09-23T13:09:52.251Z,926,27,27454,45967,1.170,1.640,92.2,1,10,186.5,94,51,7,0.82,35584
2026-09-23T13:10:42.331Z,927,22,27478,46016,1.520,1.490,91.5,1,4,128.5,113,36,7,0.32,35634
2026-09-23T13:11:28.522Z,928,22,27494,46052,1.510,1.820,101.6,1,26,180.6,108,36,7,0.01,35680
2026-09-23T13:12:04.576Z,929,33,27519,46086,1.160,1.890,93.0,2,4,99.0,106,39,6,0.96,35716
2026-09-23T13:12:44.733Z,930,27,27564,46157,1.370,1.330,82.1,1,14,96.8,111,34,7,0.45,35756
2026-09-23T13:13:18.893Z,931,25,27592,46207,1.200,1.650,85.3,1,12,186.1,102,44,7,0.34,35791
2026-09-23T13:13:53.035Z,932,26,27620,46254,1.480,2.200,82.2,1,25,193.8,112,28,7,0.85,35825
2026-09-23T13:14:59.296Z,933,26,27641,46295,1.200,1.950,88.0,2,5,100.6,114,33,7,0.99,35891
2026-09-23T13:16:13.560Z,934,20,27663,46343,1.620,1.630,93.3,2,86,159.2,98,40,7,0.61,35965
2026-09-23T13:16:51.602Z,935,30,27679,46369,1.190,1.220,85.2,2,29,179.2,111,27,7,0.79,36003
2026-09-23T13:17:33.834Z,936,27,27710,46423,1.270,1.400,93.3,2,25,179.5,103,40,7,0.03,36045
2026-09-23T13:18:29.989Z,937,22,27742,46480,1.500,1.700,90.8,1,6,142.8,111,38,7,0.00,36102
2026-09-23T13:19:16.179Z,938,25,27797,46552,1.420,2.340,84.9,2,27,111.3,102,40,6,0.48,36148
2026-09-23T13:20:04.352Z,939,27,27837,46610,1.070,1.820,87.3,2,28,104.1,109,34,6,0.96,36196
2026-09-23T13:21:08.979Z,940,24,27883,46679,1.410,1.730,89.6,2,6,232.8,116,33,6,0.83,36261
2026-09-23T13:21:46.748Z,941,26,27895,46709,1.380,1.760,97.9,2,20,183.6,102,36,7,0.55,36298
2026-09-23T13:22:44.773Z,942,20,27907,46747,1.450,1.880,100.9,2,43,179.9,110,29,7,0.45,36356
2026-09-23T13:23:13.316Z,943,28,27919,46771,1.100,1.820,100.2,1,28,122.2,96,42,6,0.63,36385
2026-09-23T13:23:57.091Z,944,23,27926,46803,1.380,1.830,92.6,2,18,183.7,112,36,7,0.96,36429
2026-09-23T13:24:59.356Z,945,30,27961,46851,1.170,2.080,83.8,2,14,184.2,102,38,7,0.99,36491
2026-09-23T13:26:03.637Z,946,25,28011,46926,1.380,1.610,75.8,1,26,99.8,104,42,7,0.98,36555
2026-09-23T13:27:23.871Z,947,26,28022,46956,1.320,2.070,100.2,1,23,204.9,108,34,7,0.12,36635
2026-09-23T13:28:03.950Z,948,24,28054,47010,1.300,1.810,87.0,1,2,189.3,112,37,9,0.97,36676
2026-09-23T13:29:00.216Z,949,24,28097,47073,1.230,1.530,98.3,1,18,192.0,105,41,7,1.00,36732
2026-09-23T13:30:04.422Z,950,24,28138,47134,1.350,1.660,108.0,1,5,135.6,108,39,7,0.96,36796
2026-09-23T13:30:46.522Z,951,26,28163,47177,1.310,1.760,78.1,1,5,188.0,109,38,6,0.54,36838
2026-09-23T13:31:46.790Z,952,22,28227,47265,1.490,1.680,97.8,1,24,181.4,100,46,7,0.55,36898
2026-09-23T13:32:53.075Z,953,22,28242,47300,1.430,1.490,81.8,1,31,189.2,106,44,7,0.85,36965
2026-09-23T13:34:03.278Z,954,23,28313,47390,1.430,1.550,83.8,1,24,94.9,107,42,7,0.98,37035
2026-09-23T13:34:36.171Z,955,22,28325,47423,1.480,1.670,97.0,2,37,182.8,110,33,7,0.08,37068
2026-09-23T13:35:27.801Z,956,20,28340,47460,1.750,1.870,90.8,0,0,100.0,113,37,7,0.03,37119
2026-09-23T13:36:51.761Z,957,32,28369,47497,1.160,1.870,107.8,2,84,159.6,105,28,7,0.71,37201
2026-09-23T13:37:46.054Z,958,26,28401,47555,1.310,1.970,87.3,1,23,182.2,117,28,6,0.52,37258
2026-09-23T13:38:31.004Z,959,25,28427,47602,1.390,1.620,96.5,2,32,179.8,115,33,6,0.00,37302
2026-09-23T13:39:36.431Z,960,24,28495,47691,1.330,1.240,103.2,2,9,99.7,95,53,7,0.09,37368
2026-09-23T13:40:16.528Z,961,22,28507,47725,1.440,1.550,84.8,1,13,186.7,109,37,7,0.46,37408
2026-09-23T13:41:23.411Z,962,25,28534,47769,1.480,1.720,74.8,2,47,203.8,113,27,7,0.14,37475
2026-09-23T13:42:09.279Z,963,23,28543,47800,1.430,1.700,88.0,1,9,98.0,116,32,6,0.83,37521
2026-09-23T13:43:09.486Z,964,23,28576,47853,1.450,1.910,95.1,1,5,99.0,125,25,7,0.81,37581
2026-09-23T13:43:51.268Z,965,23,28585,47882,1.420,1.770,108.9,2,20,181.8,110,36,6,0.77,37623
2026-09-23T13:44:33.427Z,966,21,28598,47917,1.560,1.850,94.5,1,29,186.0,110,37,7,0.02,37665
2026-09-23T13:45:47.698Z,967,24,28605,47941,1.690,1.690,96.1,2,28,180.9,104,36,7,0.60,37739
2026-09-23T13:46:23.890Z,968,28,28617,47969,1.200,1.880,101.6,1,8,187.9,117,27,7,0.12,37775
2026-09-23T13:47:04.033Z,969,25,28630,48005,1.500,1.850,90.2,2,22,272.2,113,30,6,0.97,37816
2026-09-23T13:47:50.110Z,970,24,28646,48042,1.400,1.950,94.1,1,2,114.4,117,33,7,0.72,37862
2026-09-23T13:49:14.867Z,971,23,28686,48103,1.590,1.750,83.8,2,84,154.2,106,37,7,0.55,37946
2026-09-23T13:50:06.641Z,972,30,28704,48134,1.200,1.990,78.3,3,9,186.3,111,30,7,0.91,37998
2026-09-23T13:51:41.888Z,973,24,28833,48289,1.270,1.780,90.8,1,4,188.7,118,31,7,0.27,38093
2026-09-23T13:52:15.127Z,974,25,28856,48331,1.360,2.070,88.2,2,3,121.2,113,35,7,0.53,38127
2026-09-23T13:53:31.415Z,975,27,28870,48363,1.290,1.790,80.8,2,21,95.1,109,37,6,0.00,38203
2026-09-23T13:54:21.651Z,976,26,28891,48405,1.180,1.920,82.2,2,33,92.5,109,36,7,0.21,38253
2026-09-23T13:54:59.744Z,977,28,28951,48483,1.150,2.010,90.8,1,11,140.2,99,48,7,1.00,38291
2026-09-23T13:55:31.798Z,978,21,28961,48520,1.560,1.920,99.1,1,6,105.0,112,36,7,0.00,38323
2026-09-23T13:56:17.984Z,979,24,28981,48557,1.330,1.830,104.5,2,9,187.0,116,31,7,0.39,38370
2026-09-23T13:57:30.218Z,980,22,28990,48588,1.630,1.580,89.7,1,8,187.3,116,34,7,0.00,38442
2026-09-23T13:58:40.945Z,981,26,29002,48616,1.100,1.530,90.6,1,4,128.7,107,41,7,0.24,38512
2026-09-23T13:59:38.691Z,982,27,29038,48671,1.320,1.330,99.4,2,21,181.5,97,43,7,0.16,38570
2026-09-23T14:00:11.559Z,983,20,29050,48710,1.420,1.830,93.4,0,0,100.0,113,37,7,0.73,38603
2026-09-23T14:01:25.128Z,984,23,29076,48753,1.450,1.670,89.0,1,22,113.7,107,34,7,0.09,38677
2026-09-23T14:02:09.850Z,985,30,29107,48797,1.200,1.880,94.5,2,25,136.0,103,37,7,0.80,38721
2026-09-23T14:02:55.338Z,986,26,29136,48850,1.240,1.440,106.9,2,9,97.9,116,33,7,0.92,38767
2026-09-23T14:04:01.558Z,987,30,29195,48925,1.160,1.670,76.0,1,24,182.2,110,35,7,1.00,38833
2026-09-23T14:04:40.641Z,988,27,29250,49003,1.230,1.700,86.2,2,7,187.3,106,42,7,0.23,38872
2026-09-23T14:05:25.837Z,989,22,29279,49057,1.370,1.670,101.6,1,12,185.2,109,39,7,0.07,38917
2026-09-23T14:06:02.022Z,990,22,29309,49107,1.320,1.710,96.3,1,19,148.0,119,26,7,1.00,38954
2026-09-23T14:06:50.147Z,991,29,29322,49133,1.200,1.630,78.4,3,11,200.5,110,35,7,0.72,39002
2026-09-23T14:07:28.347Z,992,31,29352,49181,1.170,1.630,89.5,1,30,180.2,110,29,6,0.02,39040
2026-09-23T14:08:16.537Z,993,22,29375,49233,1.470,1.780,101.5,1,3,121.5,114,33,6,0.46,39088
2026-09-23T14:09:22.726Z,994,31,29408,49277,1.040,2.090,82.8,3,26,223.5,105,38,8,0.17,39154
2026-09-23T14:10:12.996Z,995,23,29435,49332,1.410,2.020,96.3,1,1,99.8,108,41,7,0.65,39205
2026-09-23T14:11:13.064Z,996,21,29444,49363,1.430,1.660,93.8,1,14,134.1,105,40,6,0.64,39265
2026-09-23T14:11:45.327Z,997,21,29462,49401,1.330,1.820,77.6,1,10,108.2,116,26,7,0.47,39297
2026-09-23T14:12:35.408Z,998,23,29517,49474,1.370,1.720,87.1,1,2,99.7,113,37,6,0.06,39347
2026-09-23T14:13:55.731Z,999,20,29565,49545,1.530,1.610,105.2,0,0,100.0,120,30,7,0.93,39427
2026-09-23T14:14:49.822Z,1000,24,29619,49615,1.580,2.030,100.2,3,29,267.5,110,31,6,0.70,39481
2026-09-23T14:15:38.094Z,1001,20,29636,49656,1.780,1.790,89.2,0,0,100.0,111,39,6,0.14,39530
2026-09-23T14:16:18.167Z,1002,21,29653,49692,1.560,1.950,95.0,1,18,183.0,113,28,6,0.38,39570
2026-09-23T14:17:54.530Z,1003,25,29675,49730,1.470,1.910,104.8,1,24,164.8,112,36,7,0.90,39666
2026-09-23T14:19:38.881Z,1004,21,30039,50118,1.580,1.830,92.4,1,6,187.7,104,46,7,0.17,39770
2026-09-23T14:20:21.026Z,1005,27,30060,50153,1.260,1.530,78.3,1,5,107.9,117,31,6,0.24,39813
2026-09-23T14:21:01.164Z,1006,31,30080,50189,1.120,1.740,102.6,1,17,183.7,105,40,7,1.00,39853
2026-09-23T14:22:01.421Z,1007,25,30196,50331,1.220,1.750,85.1,2,2,129.4,99,50,6,1.00,39913
2026-09-23T14:22:45.606Z,1008,25,30220,50375,1.370,2.010,85.1,2,30,157.9,116,21,7,0.49,39957
2026-09-23T14:23:21.665Z,1009,26,30240,50414,1.330,1.730,88.1,1,5,187.7,106,36,7,0.21,39993
2026-09-23T14:24:23.857Z,1010,23,30256,50453,1.460,1.820,88.4,1,26,179.7,116,30,7,0.13,40055
2026-09-23T14:24:59.964Z,1011,23,30264,50481,1.630,1.650,82.2,1,19,226.9,106,42,7,1.00,40091
2026-09-23T14:26:02.171Z,1012,30,30289,50519,1.140,1.620,87.0,2,23,104.4,116,25,7,1.00,40154
2026-09-23T14:27:06.469Z,1013,32,30326,50574,1.240,1.620,77.3,1,20,96.2,102,41,7,0.92,40218
2026-09-23T14:28:56.857Z,1014,22,30338,50616,1.520,1.530,80.8,1,8,111.4,123,27,7,0.96,40328
2026-09-23T14:29:32.978Z,1015,25,30360,50655,1.240,1.670,91.6,2,15,184.4,107,40,7,0.01,40365
2026-09-23T14:31:43.471Z,1016,22,30430,50748,1.560,1.830,91.4,1,7,146.2,122,26,7,0.38,40495
2026-09-23T14:32:51.868Z,1017,26,30549,50883,1.300,1.480,83.4,1,32,178.3,107,38,7,0.79,40563
2026-09-23T14:34:07.877Z,1018,22,30568,50926,1.470,1.720,93.7,1,9,98.4,108,41,7,0.87,40639
2026-09-23T14:35:04.189Z,1019,32,30599,50967,1.040,1.910,89.8,1,30,179.2,110,33,6,0.97,40696
2026-09-23T14:35:50.361Z,1020,26,30672,51066,1.260,1.390,86.2,2,13,185.5,101,35,7,0.73,40742
2026-09-23T14:36:43.066Z,1021,23,30690,51107,1.260,1.710,75.1,1,3,144.0,106,43,7,0.34,40794
2026-09-23T14:37:20.674Z,1022,23,30717,51154,1.470,1.970,86.3,1,12,185.8,107,38,7,0.26,40832
2026-09-23T14:38:33.054Z,1023,24,30739,51195,1.430,2.030,80.5,1,28,181.0,98,50,6,0.01,40905
2026-09-23T14:39:11.735Z,1024,21,30769,51248,1.610,1.980,82.7,1,12,274.4,112,35,7,0.73,40943
2026-09-23T14:40:23.425Z,1025,32,30789,51277,1.040,1.760,92.9,2,10,193.9,109,35,7,0.14,41015
2026-09-23T14:41:07.491Z,1026,23,30812,51329,1.580,1.730,87.3,1,9,112.0,108,40,6,0.88,41059
2026-09-23T14:41:49.791Z,1027,22,30829,51367,1.440,1.680,88.2,1,3,144.0,119,30,7,0.70,41101
2026-09-23T14:42:19.795Z,1028,26,30844,51398,1.240,1.740,108.4,2,13,123.3,111,37,7,0.30,41131
2026-09-23T14:43:16.115Z,1029,26,30996,51570,1.310,1.850,85.5,1,9,186.7,110,34,7,0.49,41188
2026-09-23T14:44:16.322Z,1030,23,31012,51609,1.590,1.660,90.4,1,28,181.3,108,39,7,0.48,41248
2026-09-23T14:45:06.504Z,1031,29,31032,51643,1.250,1.500,100.5,2,19,182.9,106,35,6,0.92,41298
2026-09-23T14:46:00.642Z,1032,23,31116,51753,1.470,1.760,99.7,1,21,182.5,118,28,6,1.00,41352
2026-09-23T14:47:06.932Z,1033,29,31139,51790,1.310,1.620,95.4,1,10,186.7,103,42,6,0.90,41418
2026-09-23T14:48:01.163Z,1034,21,31213,51892,1.500,2.080,86.3,1,13,184.9,115,31,7,1.00,41473
2026-09-23T14:50:19.806Z,1035,25,31597,52292,1.430,1.980,90.3,1,12,186.0,111,26,7,0.30,41611
2026-09-23T14:51:07.987Z,1036,29,31702,52413,1.120,2.440,81.6,4,23,166.7,99,46,7,0.87,41659
2026-09-23T14:51:50.128Z,1037,28,31748,52480,1.240,1.920,84.3,2,9,118.8,104,39,7,0.72,41702
2026-09-23T14:52:22.206Z,1038,22,31765,52523,1.560,1.960,78.2,2,17,183.3,112,36,7,0.19,41734
2026-09-23T14:53:11.028Z,1039,24,31779,52555,1.420,1.790,76.6,2,28,181.3,118,26,7,0.76,41782
2026-09-23T14:54:22.808Z,1040,27,31839,52632,1.290,1.620,80.3,2,16,154.8,116,31,7,0.17,41854
2026-09-23T14:55:00.897Z,1041,22,31853,52671,1.420,1.540,99.9,1,3,188.9,105,43,7,1.00,41892
2026-09-23T14:55:53.124Z,1042,25,31865,52700,1.330,1.530,85.6,1,4,106.4,117,32,7,0.84,41945
2026-09-23T14:56:59.323Z,1043,22,31882,52740,1.490,1.940,105.9,1,4,99.1,119,31,7,0.99,42011
2026-09-23T14:57:33.420Z,1044,22,31902,52780,1.460,1.500,108.3,1,27,222.2,111,31,7,0.02,42045
2026-09-23T14:58:43.733Z,1045,26,31928,52822,1.270,2.190,90.2,1,4,188.6,119,29,7,0.39,42115
2026-09-23T14:59:25.814Z,1046,25,31951,52866,1.110,1.480,84.8,1,11,97.9,107,33,7,0.07,42157
2026-09-23T15:00:16.032Z,1047,28,31973,52905,1.340,1.740,87.7,2,30,180.9,92,43,7,0.49,42208
2026-09-23T15:00:54.232Z,1048,28,32002,52954,1.380,1.600,81.8,2,19,183.7,113,31,7,0.88,42246
2026-09-23T15:01:32.327Z,1049,33,32023,52990,1.260,1.890,94.0,3,31,209.4,106,29,8,0.01,42284
2026-09-23T15:02:20.440Z,1050,24,32070,53066,1.310,1.810,88.1,1,7,187.6,116,30,7,0.27,42332
2026-09-23T15:03:02.711Z,1051,24,32173,53189,1.360,1.580,82.4,1,14,186.0,111,36,7,0.99,42374
2026-09-23T15:03:48.884Z,1052,24,32209,53245,1.400,1.840,91.2,1,8,187.7,112,38,7,0.66,42420
2026-09-23T15:04:59.142Z,1053,32,32258,53306,1.200,1.360,77.3,3,20,183.2,109,31,7,0.99,42491
2026-09-23T15:06:11.806Z,1054,23,32287,53364,1.480,2.000,64.8,1,14,183.9,109,37,7,0.72,42563
2026-09-23T15:07:51.821Z,1055,22,32316,53414,1.550,1.510,84.3,1,24,183.5,102,40,7,0.79,42663
2026-09-23T15:08:40.475Z,1056,29,32338,53449,1.250,1.780,93.2,2,21,182.7,116,27,7,0.23,42712
2026-09-23T15:10:06.343Z,1057,23,32350,53487,1.380,1.930,102.9,1,16,272.7,114,33,6,0.92,42798
2026-09-23T15:11:00.609Z,1058,24,32381,53537,1.240,1.600,88.2,1,26,182.1,110,33,7,1.00,42852
2026-09-23T15:11:51.257Z,1059,23,32394,53571,1.480,1.900,84.2,2,11,97.1,106,39,6,0.77,42903
2026-09-23T15:13:19.100Z,1060,23,32650,53847,1.550,1.810,92.2,1,13,184.7,109,38,7,0.34,42991
2026-09-23T15:14:21.319Z,1061,21,32661,53880,1.650,2.000,100.7,1,14,183.9,120,28,6,0.23,43053
2026-09-23T15:15:25.523Z,1062,25,32671,53906,1.370,1.800,87.6,1,31,108.1,104,40,7,0.08,43117
2026-09-23T15:17:37.972Z,1063,27,32804,54057,1.410,1.640,93.0,2,21,182.8,111,33,7,0.13,43249
2026-09-23T15:18:26.081Z,1064,32,32819,54087,1.110,1.910,84.4,3,14,186.2,114,30,7,0.06,43298
2026-09-23T15:19:00.257Z,1065,25,32860,54155,1.180,1.530,92.0,1,18,96.9,113,33,7,1.00,43332
2026-09-23T15:19:50.382Z,1066,22,32877,54195,1.540,1.700,99.6,1,8,186.8,116,31,7,0.73,43382
2026-09-23T15:20:50.646Z,1067,22,32881,54219,1.410,2.090,89.4,1,9,187.4,113,37,6,0.74,43442
2026-09-23T15:21:41.317Z,1068,27,32915,54268,1.330,1.880,86.9,1,18,105.5,114,33,7,0.26,43493
2026-09-23T15:22:28.992Z,1069,28,32956,54328,1.200,1.880,101.9,3,25,181.7,103,42,7,0.01,43540
2026-09-23T15:23:25.180Z,1070,27,33005,54398,1.360,1.890,99.1,1,23,181.0,107,33,7,0.09,43597
2026-09-23T15:24:23.371Z,1071,25,33025,54440,1.390,1.650,98.3,3,21,128.9,108,38,6,0.15,43655
2026-09-23T15:25:27.673Z,1072,22,33036,54474,1.520,1.620,88.7,2,18,182.7,116,30,7,0.03,43719
2026-09-23T15:27:06.086Z,1073,29,33293,54744,1.310,2.010,90.2,2,22,138.8,102,39,6,0.93,43818
2026-09-23T15:28:02.375Z,1074,25,33308,54783,1.390,1.600,80.2,1,2,111.5,111,36,6,0.99,43874
2026-09-23T15:29:22.691Z,1075,26,33326,54820,1.370,2.010,85.8,2,10,186.6,112,35,7,0.17,43954
2026-09-23T15:30:30.856Z,1076,19,33440,54961,1.630,1.680,80.4,1,24,182.4,117,31,7,0.00,44022
2026-09-23T15:31:23.160Z,1077,24,33452,54988,1.540,1.690,85.6,2,27,180.9,95,45,7,0.16,44075
2026-09-23T15:32:23.390Z,1078,28,33464,55016,1.190,1.880,111.0,3,14,183.6,107,40,6,0.15,44135
2026-09-23T15:33:21.569Z,1079,24,33480,55056,1.390,1.480,91.2,2,28,182.1,106,37,0,0.22,44193
2026-09-23T15:34:37.893Z,1080,25,33506,55101,1.300,1.410,87.9,1,13,141.3,114,34,6,0.13,44269
2026-09-23T15:35:32.129Z,1081,22,33545,55163,1.640,1.950,84.1,1,22,181.4,104,36,7,0.00,44324
2026-09-23T15:36:02.119Z,1082,29,33563,55194,1.230,2.100,81.9,2,24,180.1,114,25,7,1.00,44354
2026-09-23T15:37:10.358Z,1083,28,33616,55268,1.200,1.570,92.3,2,15,184.8,106,38,7,0.77,44422
2026-09-23T15:38:04.508Z,1084,24,33647,55323,1.320,1.790,87.9,2,28,180.4,99,47,7,0.97,44476
2026-09-23T15:38:34.643Z,1085,23,33661,55358,1.470,1.900,91.7,1,10,171.5,112,31,7,0.04,44506
2026-09-23T15:39:26.881Z,1086,23,33673,55390,1.270,2.020,90.9,1,2,129.3,110,39,6,0.04,44558
2026-09-23T15:40:17.098Z,1087,24,33690,55426,1.540,1.260,104.4,1,4,99.1,108,41,7,0.44,44609
2026-09-23T15:41:37.493Z,1088,27,33706,55459,1.250,1.790,83.8,3,34,175.6,117,32,7,0.11,44689
2026-09-23T15:43:22.449Z,1089,22,34075,55853,1.340,1.600,88.9,1,3,99.4,103,46,7,0.18,44794
2026-09-23T15:45:40.500Z,1090,20,34094,55894,1.470,1.970,74.9,0,0,100.0,112,38,7,0.23,44932
2026-09-23T15:47:04.760Z,1091,23,34119,55936,1.490,2.010,83.3,1,18,96.8,113,34,8,0.96,45016
2026-09-23T15:48:05.021Z,1092,23,34130,55967,1.390,1.810,85.1,1,1,109.3,114,34,7,0.95,45076
2026-09-23T15:49:41.337Z,1093,31,34162,56011,1.140,1.650,82.4,2,18,183.1,112,34,7,0.27,45173
2026-09-23T15:50:33.565Z,1094,23,34189,56066,1.460,1.680,95.4,1,29,179.0,113,31,7,0.02,45225
2026-09-23T15:51:05.730Z,1095,23,34200,56097,1.420,1.650,106.6,1,3,143.6,110,37,8,0.94,45257
2026-09-23T15:52:02.035Z,1096,22,34213,56131,1.790,1.570,82.2,1,7,187.7,106,42,7,1.00,45313
2026-09-23T15:53:04.194Z,1097,27,34223,56156,1.250,2.010,91.1,1,1,102.8,109,40,7,0.97,45376
2026-09-23T15:54:18.546Z,1098,26,34269,56223,1.480,1.940,94.0,2,17,185.1,105,38,7,0.37,45450
2026-09-23T15:55:04.817Z,1099,23,34276,56253,1.310,1.720,95.7,1,13,185.9,113,32,7,0.96,45496
2026-09-23T15:55:48.869Z,1100,23,34284,56281,1.480,1.890,82.7,1,23,120.4,117,27,8,0.65,45540
2026-09-23T15:56:51.149Z,1101,24,34299,56315,1.460,1.610,96.1,2,11,186.0,107,32,7,0.76,45603
2026-09-23T15:59:09.614Z,1102,26,34452,56486,1.300,1.860,86.8,1,5,187.9,116,32,7,0.81,45741
2026-09-23T15:59:39.985Z,1103,20,34461,56521,1.340,1.430,83.9,0,0,100.0,103,47,7,0.20,45771
2026-09-23T16:01:40.210Z,1104,28,34485,56557,1.260,1.520,86.8,2,29,178.4,104,33,12,0.22,45892
2026-09-23T16:02:22.441Z,1105,21,34501,56600,1.530,1.790,104.3,1,10,168.1,113,34,14,0.19,45934
2026-09-23T16:03:04.622Z,1106,22,34507,56625,1.420,1.850,83.4,1,4,188.1,111,39,14,0.96,45976
2026-09-23T16:04:38.997Z,1107,25,34528,56663,1.360,1.630,88.7,1,6,187.2,108,41,14,0.17,46070
2026-09-23T16:05:24.751Z,1108,23,34551,56708,1.420,1.680,80.6,1,1,107.0,106,42,14,0.10,46116
2026-09-23T16:06:07.303Z,1109,31,34579,56748,1.110,1.960,87.9,2,28,177.0,102,41,14,0.89,46159
2026-09-23T16:06:47.414Z,1110,22,34626,56824,1.480,2.000,84.5,3,20,226.1,105,37,14,0.58,46199
2026-09-23T16:07:37.723Z,1111,31,34645,56854,1.070,1.880,86.7,2,26,92.2,109,29,14,0.12,46249
2026-09-23T16:09:22.152Z,1112,23,34697,56934,1.310,1.620,98.0,1,24,137.1,103,37,16,0.20,46354
2026-09-23T16:09:46.193Z,1113,22,34702,56960,1.240,1.840,90.9,2,2,189.1,116,30,13,0.51,46378
2026-09-23T16:10:26.344Z,1114,28,34728,57000,1.210,1.640,85.7,2,30,176.3,106,30,14,0.06,46418
2026-09-23T16:11:20.651Z,1115,23,34743,57040,1.560,1.870,100.5,1,25,179.7,103,37,14,0.26,46472
2026-09-23T16:12:00.690Z,1116,22,34756,57074,1.520,1.850,85.7,1,23,182.1,114,34,14,1.00,46512
2026-09-23T16:13:11.048Z,1117,23,34804,57141,1.470,1.940,90.7,1,4,128.0,111,37,15,0.75,46582
2026-09-23T16:13:49.197Z,1118,31,34837,57186,1.290,1.710,99.8,2,16,183.3,90,44,14,0.67,46621
2026-09-23T16:14:51.390Z,1119,25,34851,57226,1.230,1.740,98.1,1,29,178.5,112,26,14,0.77,46683
2026-09-23T16:15:31.638Z,1120,22,34933,57331,1.450,1.540,84.1,1,6,98.5,110,35,14,0.00,46723
2026-09-23T16:16:21.807Z,1121,21,34957,57376,1.560,1.980,87.1,1,6,134.5,110,40,14,0.21,46773
2026-09-23T16:17:07.887Z,1122,22,34964,57402,1.440,1.990,107.1,1,7,186.0,101,40,14,0.87,46819
2026-09-23T16:17:42.319Z,1123,20,34974,57434,1.640,1.320,85.5,1,7,193.2,106,44,15,0.31,46854
2026-09-23T16:18:38.315Z,1124,23,34987,57464,1.290,2.000,97.1,1,16,184.0,106,41,14,0.14,46910
2026-09-23T16:19:20.395Z,1125,29,35045,57536,1.240,1.490,89.6,1,18,183.1,117,29,12,0.28,46952
2026-09-23T16:19:56.714Z,1126,28,35064,57576,1.380,1.960,91.8,3,3,188.7,115,31,14,0.95,46988
2026-09-23T16:21:02.802Z,1127,21,35193,57732,1.520,1.810,83.3,2,23,270.0,108,37,13,0.99,47054
2026-09-23T16:21:39.011Z,1128,26,35207,57761,1.250,1.620,88.9,2,33,124.3,114,33,14,0.17,47090
2026-09-23T16:22:27.180Z,1129,26,35233,57807,1.320,2.050,91.0,2,9,185.8,104,41,14,0.04,47139
2026-09-23T16:23:37.489Z,1130,24,35306,57902,1.530,1.960,87.4,2,3,188.7,119,26,13,0.11,47209
2026-09-23T16:24:17.570Z,1131,24,35314,57930,1.500,1.580,81.4,2,19,198.3,104,43,15,0.42,47249
2026-09-23T16:24:44.388Z,1132,22,35328,57966,1.580,1.580,93.5,1,7,186.5,113,33,15,0.38,47275
2026-09-23T16:25:37.853Z,1133,25,35348,58003,1.380,1.740,97.9,1,28,243.5,109,41,14,0.12,47329
2026-09-23T16:26:01.942Z,1134,26,35361,58035,1.380,1.910,101.7,1,1,189.6,119,29,12,1.00,47353
2026-09-23T16:27:02.134Z,1135,27,35436,58129,1.370,1.640,82.7,2,27,221.6,112,29,15,1.00,47414
2026-09-23T16:27:52.317Z,1136,27,35454,58167,1.160,1.780,85.8,2,19,127.0,102,47,15,0.81,47464
2026-09-23T16:28:54.527Z,1137,24,35468,58204,1.400,1.880,85.5,2,10,228.6,111,34,15,0.89,47526
2026-09-23T16:29:38.701Z,1138,23,35481,58238,1.560,1.740,92.9,1,1,101.8,103,44,16,0.15,47570
2026-09-23T16:30:35.027Z,1139,22,35503,58281,1.630,1.560,95.0,1,19,181.4,114,29,14,0.04,47626
2026-09-23T16:31:19.217Z,1140,23,35514,58311,1.480,1.830,100.4,1,10,184.5,111,34,15,0.33,47671
2026-09-23T16:31:55.224Z,1141,25,35521,58336,1.320,1.340,61.6,1,29,178.4,116,27,14,0.91,47707
2026-09-23T16:33:39.657Z,1142,24,35538,58374,1.340,1.960,90.8,2,14,130.4,98,42,12,0.19,47811
2026-09-23T16:34:07.773Z,1143,23,35551,58408,1.490,1.730,84.0,1,3,99.1,111,33,17,0.88,47839
2026-09-23T16:34:49.904Z,1144,23,35596,58473,1.550,1.690,111.1,1,20,181.3,114,36,17,0.70,47881
2026-09-23T16:35:34.141Z,1145,24,35625,58521,1.210,2.000,70.3,1,4,99.0,105,45,16,0.03,47926
2026-09-23T16:36:17.605Z,1146,21,35653,58572,1.200,1.650,100.1,2,94,186.6,108,28,16,0.42,47969
2026-09-23T16:36:56.323Z,1147,22,35658,58596,1.500,1.560,91.1,1,5,172.3,105,45,16,0.94,48008
2026-09-23T16:37:32.534Z,1148,31,35685,58634,1.330,1.680,90.1,3,30,181.5,95,43,16,0.01,48044
2026-09-23T16:38:04.669Z,1149,26,35707,58681,1.290,1.620,88.8,2,9,186.0,110,34,15,0.96,48076
2026-09-23T16:38:28.732Z,1150,23,35717,58714,1.430,1.530,113.1,1,11,184.2,116,33,17,0.01,48100
2026-09-23T16:39:04.762Z,1151,29,35738,58749,1.260,1.790,79.1,2,9,184.6,99,48,17,0.96,48136
2026-09-23T16:40:13.391Z,1152,30,35767,58797,1.330,2.110,74.5,2,19,190.1,106,33,17,0.65,48204
2026-09-23T16:41:01.209Z,1153,24,35815,58871,1.270,1.520,94.6,2,14,183.4,114,34,16,1.00,48253
2026-09-23T16:41:37.356Z,1154,29,35853,58924,1.030,1.770,67.9,1,10,132.1,108,39,16,0.11,48289
2026-09-23T16:42:11.417Z,1155,24,35879,58975,1.430,1.570,78.1,1,1,127.3,119,30,15,0.73,48323
2026-09-23T16:42:49.548Z,1156,26,35926,59040,1.330,1.740,100.9,1,22,180.9,104,35,16,0.68,48361
2026-09-23T16:43:25.758Z,1157,24,35941,59077,1.330,1.590,81.1,1,11,185.5,104,46,14,0.07,48397
2026-09-23T16:44:09.897Z,1158,23,35960,59117,1.390,1.800,88.1,1,29,156.6,106,37,16,0.80,48441
2026-09-23T16:44:52.120Z,1159,27,35972,59145,1.440,1.610,90.9,3,10,185.1,105,34,17,0.80,48483
2026-09-23T16:45:24.183Z,1160,26,35993,59187,1.390,2.230,76.9,2,29,102.3,105,36,17,0.12,48516
2026-09-23T16:46:12.626Z,1161,22,36006,59224,1.450,1.780,83.8,1,31,175.4,110,34,16,0.68,48564
2026-09-23T16:46:42.664Z,1162,24,36011,59247,1.340,1.930,95.7,1,1,99.7,116,33,16,0.32,48594
2026-09-23T16:47:26.554Z,1163,24,36075,59331,1.550,1.770,77.3,1,24,180.8,111,33,16,0.05,48638
2026-09-23T16:47:56.713Z,1164,24,36083,59359,1.380,1.520,81.3,1,4,188.5,115,32,16,0.95,48668
2026-09-23T16:48:34.816Z,1165,22,36097,59395,1.480,1.760,78.6,1,12,110.7,112,38,16,0.04,48706
2026-09-23T16:49:16.939Z,1166,23,36107,59424,1.220,1.580,89.0,1,8,186.7,106,39,16,0.45,48748
2026-09-23T16:49:57.098Z,1167,24,36143,59479,1.480,1.920,105.0,2,19,177.7,113,29,15,0.96,48788
2026-09-23T16:50:47.251Z,1168,29,36167,59518,1.190,1.810,90.8,2,18,182.5,109,37,16,0.57,48839
2026-09-23T16:51:57.567Z,1169,23,36209,59586,1.530,1.890,80.7,1,27,181.4,107,35,16,0.97,48909
2026-09-23T16:52:41.703Z,1170,23,36236,59633,1.500,1.740,87.6,1,6,129.3,114,36,16,0.28,48953
2026-09-23T16:53:25.872Z,1171,23,36245,59662,1.500,2.040,112.3,1,23,182.5,114,27,16,0.07,48997
2026-09-23T16:54:20.110Z,1172,24,36265,59701,1.430,1.690,84.3,1,20,182.1,120,28,16,0.29,49051
2026-09-23T16:55:06.295Z,1173,22,36282,59740,1.510,2.110,100.3,1,24,179.3,109,38,14,0.93,49098
2026-09-23T16:55:42.644Z,1174,26,36337,59811,1.450,1.760,79.4,1,5,142.2,103,43,16,0.32,49134
2026-09-23T16:56:45.037Z,1175,20,36360,59860,1.380,1.400,84.0,0,0,100.0,113,37,14,0.43,49196
2026-09-23T16:57:08.659Z,1176,21,36388,59907,1.430,1.580,75.3,1,11,133.6,111,39,15,0.85,49220
2026-09-23T16:58:24.850Z,1177,20,36403,59943,1.480,1.840,98.0,0,0,100.0,105,45,17,0.10,49296
2026-09-23T16:59:09.024Z,1178,24,36422,59978,1.350,1.920,101.5,1,12,185.0,100,45,16,0.83,49340
2026-09-23T16:59:47.217Z,1179,25,36449,60024,1.290,1.630,82.4,1,8,189.8,109,39,15,0.56,49379
2026-09-23T17:00:27.277Z,1180,23,36465,60062,1.450,1.820,105.0,1,1,189.5,108,41,14,0.04,49419
2026-09-23T17:01:05.407Z,1181,27,36479,60092,1.230,1.860,89.4,2,19,138.1,110,34,16,0.95,49457
2026-09-23T17:01:53.648Z,1182,26,36495,60129,1.290,1.640,106.4,3,30,172.1,108,39,16,0.86,49505
2026-09-23T17:02:26.707Z,1183,20,36503,60163,1.760,1.700,103.9,0,0,100.0,119,31,17,0.05,49538
2026-09-23T17:03:11.976Z,1184,25,36520,60195,1.290,2.200,83.0,1,21,178.5,106,39,17,0.71,49583
2026-09-23T17:03:41.975Z,1185,29,36535,60226,1.170,1.700,103.1,2,5,98.6,107,40,15,0.29,49613
2026-09-23T17:04:34.209Z,1186,29,36594,60305,1.160,1.900,104.1,2,17,178.3,115,32,18,0.03,49666
2026-09-23T17:05:49.278Z,1187,19,36610,60351,1.510,1.770,89.6,1,47,198.0,113,34,17,0.67,49741
2026-09-23T17:06:13.705Z,1188,29,36624,60375,1.150,1.820,105.0,2,13,184.7,108,34,17,0.63,49765
2026-09-23T17:06:38.625Z,1189,23,36642,60419,1.440,1.760,84.8,1,15,107.7,102,44,17,0.15,49790
2026-09-23T17:07:22.759Z,1190,23,36649,60446,1.510,1.770,92.1,1,6,141.8,109,38,18,0.18,49834
2026-09-23T17:08:33.013Z,1191,21,36655,60474,1.530,1.570,80.1,1,25,224.7,120,27,17,0.01,49904
2026-09-23T17:09:43.764Z,1192,22,36665,60503,1.560,2.070,89.3,1,2,189.0,101,48,16,0.36,49975
2026-09-23T17:10:07.361Z,1193,28,36683,60535,1.260,1.900,87.8,3,29,273.2,96,49,16,0.89,49999
2026-09-23T17:10:39.525Z,1194,36,36706,60570,1.110,1.890,101.8,3,32,179.7,94,40,16,0.19,50031
2026-09-23T17:11:21.582Z,1195,22,36717,60615,1.600,1.390,87.4,1,4,98.9,114,31,17,0.23,50073
2026-09-23T17:12:01.806Z,1196,23,36725,60642,1.460,1.810,80.4,1,8,186.4,122,25,16,1.00,50113
2026-09-23T17:12:49.983Z,1197,25,36738,60673,1.340,1.670,89.9,1,4,99.7,110,36,16,0.70,50161
2026-09-23T17:13:24.065Z,1198,24,36751,60707,1.370,1.820,100.7,2,15,182.8,105,42,16,0.13,50195
2026-09-23T17:13:54.170Z,1199,27,36770,60743,1.220,1.820,91.8,1,1,107.0,112,37,16,0.88,50226
2026-09-23T17:14:24.241Z,1200,22,36792,60790,1.280,2.090,91.7,1,11,191.1,106,44,17,0.12,50256
2026-09-23T17:15:28.444Z,1201,21,36809,60828,1.540,1.770,93.8,1,9,275.8,105,40,16,0.02,50320
2026-09-23T17:16:10.681Z,1202,30,36845,60875,1.210,1.750,91.0,2,22,154.1,100,39,16,0.77,50362
2026-09-23T17:16:56.862Z,1203,33,36893,60940,1.310,2.120,90.7,3,20,94.7,98,39,17,0.95,50408
2026-09-23T17:17:13.897Z,1204,35,36910,60975,1.220,1.790,90.3,3,25,175.4,106,33,17,0.61,50425
2026-09-23T17:18:01.070Z,1205,23,36982,61079,1.580,1.750,89.6,1,26,103.2,112,33,16,1.00,50472
2026-09-23T17:19:03.292Z,1206,24,36991,61107,1.360,2.000,94.4,1,1,189.5,110,37,15,0.99,50535
2026-09-23T17:19:45.820Z,1207,23,36997,61134,1.440,1.640,102.0,1,4,98.8,110,40,16,0.47,50577
2026-09-23T17:20:47.641Z,1208,24,37026,61182,1.300,1.710,72.7,1,12,96.6,102,45,16,0.58,50639
2026-09-23T17:21:29.868Z,1209,24,37060,61236,1.470,1.780,95.0,1,10,125.4,108,38,16,0.00,50681
2026-09-23T17:22:17.838Z,1210,21,37103,61302,1.690,1.680,88.2,1,89,151.8,114,31,16,0.41,50729
2026-09-23T17:22:48.101Z,1211,20,37104,61324,1.410,1.750,96.5,0,0,100.0,117,33,16,0.61,50759
2026-09-23T17:23:22.161Z,1212,28,37159,61391,1.350,1.710,107.8,2,8,154.5,110,35,15,0.20,50793
2026-09-23T17:23:54.251Z,1213,21,37175,61434,1.430,1.900,93.8,2,17,121.2,114,34,15,0.88,50826
2026-09-23T17:24:30.506Z,1214,25,37191,61466,1.340,1.330,99.3,2,17,94.9,112,37,14,0.00,50862
2026-09-23T17:25:18.589Z,1215,33,37221,61508,1.130,1.680,88.9,3,27,109.6,104,37,16,0.37,50910
2026-09-23T17:25:52.789Z,1216,23,37240,61557,1.390,2.000,90.5,2,12,108.5,107,40,16,0.82,50944
2026-09-23T17:26:28.892Z,1217,20,37253,61593,1.290,1.850,87.5,0,0,100.0,112,38,15,0.01,50980
2026-09-23T17:27:29.070Z,1218,26,37283,61637,1.180,1.710,76.2,2,14,105.1,111,36,15,0.01,51040
2026-09-23T17:28:13.567Z,1219,23,37364,61741,1.550,1.690,87.1,1,4,188.4,108,40,14,0.65,51085
2026-09-23T17:28:59.366Z,1220,24,37382,61778,1.410,1.830,104.5,1,10,185.5,107,36,16,0.99,51131
2026-09-23T17:29:49.496Z,1221,23,37396,61813,1.510,1.970,99.5,2,8,98.0,111,34,15,0.68,51181
2026-09-23T17:30:37.781Z,1222,26,37413,61847,1.340,1.930,95.8,2,17,95.7,109,37,14,0.12,51229
2026-09-23T17:31:19.809Z,1223,25,37459,61914,1.330,1.780,75.5,2,9,185.7,111,33,15,0.31,51271
2026-09-23T17:31:51.980Z,1224,20,37475,61955,1.620,1.800,78.8,2,27,176.3,105,41,14,0.79,51303
2026-09-23T17:32:24.112Z,1225,26,37497,61991,1.370,1.780,97.5,1,16,183.5,110,35,14,0.13,51335
2026-09-23T17:32:56.273Z,1226,32,37512,62020,1.090,2.120,85.6,2,18,96.5,111,34,15,0.94,51368
2026-09-23T17:33:30.270Z,1227,25,37561,62096,1.540,1.950,116.6,2,21,183.9,106,35,15,0.00,51402
2026-09-23T17:34:12.459Z,1228,22,37564,62122,1.650,1.530,96.3,1,6,187.8,104,43,15,0.68,51444
2026-09-23T17:35:20.717Z,1229,25,37579,62154,1.310,1.840,94.3,2,26,177.0,110,36,16,0.27,51512
2026-09-23T17:35:54.915Z,1230,26,37622,62216,1.390,1.740,100.4,3,20,195.6,117,29,15,0.90,51546
2026-09-23T17:36:28.953Z,1231,21,37628,62247,1.640,1.470,86.6,1,10,184.8,113,35,16,0.01,51580
2026-09-23T17:37:14.081Z,1232,25,37637,62272,1.460,2.000,97.4,1,3,210.9,105,43,15,0.62,51625
2026-09-23T17:37:59.553Z,1233,27,37658,62311,1.190,1.970,93.3,1,8,97.9,118,31,16,0.99,51671
2026-09-23T17:38:46.216Z,1234,28,37710,62382,1.300,2.010,82.3,1,9,115.6,112,33,16,0.49,51717
2026-09-23T17:39:49.613Z,1235,22,37770,62468,1.530,1.690,85.7,1,5,187.7,118,30,16,0.68,51781
2026-09-23T17:40:29.798Z,1236,25,37793,62508,1.350,1.840,93.3,2,5,194.9,109,39,16,0.00,51821
2026-09-23T17:41:09.896Z,1237,25,37802,62537,1.420,1.910,92.8,1,7,209.3,109,37,15,0.80,51861
2026-09-23T17:41:38.063Z,1238,28,37832,62584,1.180,2.010,92.0,2,12,183.9,112,34,16,0.13,51889
2026-09-23T17:42:12.257Z,1239,23,37848,62625,1.290,1.850,85.9,1,22,181.6,110,37,16,0.69,51924
2026-09-23T17:42:38.309Z,1240,21,37853,62652,1.740,2.150,84.1,1,4,188.0,108,41,15,0.14,51950
2026-09-23T17:43:14.597Z,1241,24,37889,62705,1.330,1.830,99.9,1,17,136.2,104,45,14,0.58,51986
2026-09-23T17:43:52.547Z,1242,29,37906,62737,1.160,1.850,78.4,2,12,184.5,116,28,14,0.81,52024
2026-09-23T17:44:50.697Z,1243,26,37933,62787,1.380,1.760,95.7,2,26,176.6,112,28,16,0.73,52082
2026-09-23T17:45:26.925Z,1244,25,37947,62822,1.340,1.730,100.3,2,15,141.4,117,31,16,0.05,52118
2026-09-23T17:46:15.859Z,1245,23,37982,62879,1.380,1.700,88.4,1,1,114.5,112,37,15,0.53,52167
2026-09-23T17:46:44.124Z,1246,24,37999,62915,1.180,1.970,89.7,2,32,173.7,107,36,14,0.38,52195
2026-09-23T17:47:33.303Z,1247,25,38030,62965,1.390,1.790,98.0,1,11,101.5,106,43,16,0.01,52245
2026-09-23T17:48:49.623Z,1248,20,38071,63031,1.370,1.900,92.4,0,0,100.0,117,33,16,0.68,52321
2026-09-23T17:49:21.777Z,1249,26,38104,63078,1.120,1.820,99.1,2,22,93.9,115,28,15,0.22,52353
2026-09-23T17:50:01.840Z,1250,23,38119,63116,1.480,1.790,85.1,2,19,178.6,106,42,16,1.00,52393
2026-09-23T17:50:52.155Z,1251,27,38140,63153,1.240,1.290,98.2,1,6,187.1,106,40,16,0.80,52443
2026-09-23T17:51:20.255Z,1252,27,38183,63216,1.180,1.750,91.5,2,24,98.6,115,33,16,0.29,52472
2026-09-23T17:51:48.282Z,1253,24,38227,63283,1.430,1.740,92.9,1,10,186.3,99,49,16,0.61,52500
2026-09-23T17:52:12.636Z,1254,23,38251,63328,1.400,1.610,87.9,1,9,97.2,112,36,16,0.69,52524
2026-09-23T17:52:48.562Z,1255,20,38269,63369,1.390,1.910,90.3,1,20,183.6,105,39,14,0.63,52560
2026-09-23T17:53:26.706Z,1256,27,38299,63412,1.320,1.700,81.9,2,31,155.8,97,40,15,0.05,52598
2026-09-23T17:54:06.819Z,1257,21,38302,63441,1.440,1.890,81.5,1,1,136.2,115,33,14,0.91,52638
2026-09-23T17:54:38.979Z,1258,31,38360,63509,1.040,1.880,97.1,2,27,178.6,111,33,16,0.16,52670
2026-09-23T17:55:31.202Z,1259,27,38399,63572,1.250,1.850,87.8,2,14,96.6,109,38,16,0.00,52722
2026-09-23T17:56:05.150Z,1260,21,38453,63652,1.430,2.110,89.8,1,10,140.5,119,31,15,0.96,52756
2026-09-23T17:56:53.322Z,1261,23,38488,63705,1.360,1.690,96.3,1,10,97.8,117,33,14,0.84,52805
2026-09-23T17:57:21.524Z,1262,29,38505,63736,1.410,2.010,82.1,2,22,113.8,100,38,14,0.23,52833
2026-09-23T17:57:59.678Z,1263,31,38530,63779,1.080,1.900,88.5,2,17,183.1,105,37,15,0.99,52871
2026-09-23T17:58:27.779Z,1264,22,38586,63864,1.500,1.650,97.5,1,24,94.2,109,34,14,0.03,52899
2026-09-23T17:59:03.887Z,1265,25,38597,63892,1.270,1.430,98.7,2,7,134.1,111,37,16,0.98,52935
2026-09-23T17:59:48.418Z,1266,20,38614,63934,1.460,1.890,76.9,1,42,174.1,108,37,16,0.62,52980
2026-09-23T18:00:06.010Z,1267,25,38623,63958,1.390,1.790,88.8,1,10,185.2,108,36,16,0.94,52997
2026-09-23T18:01:06.260Z,1268,23,38645,64002,1.340,1.590,81.6,1,8,125.9,111,39,15,0.93,53058
2026-09-23T18:02:00.461Z,1269,25,38657,64032,1.530,1.960,108.6,1,28,186.1,106,32,15,1.00,53112
2026-09-23T18:02:36.573Z,1270,23,38666,64063,1.450,1.660,87.8,2,25,93.3,109,39,16,0.08,53148
2026-09-23T18:02:58.653Z,1271,19,38669,64090,1.700,1.690,89.3,1,26,225.8,110,38,14,0.98,53170
2026-09-23T18:03:32.723Z,1272,27,38687,64120,1.230,1.680,101.7,2,24,179.9,105,40,14,0.01,53204
2026-09-23T18:04:00.853Z,1273,26,38707,64161,1.340,1.840,94.5,2,26,116.5,98,38,15,1.00,53232
2026-09-23T18:04:41.098Z,1274,27,38736,64209,1.060,1.760,80.7,4,34,95.4,101,42,14,0.25,53272
2026-09-23T18:05:13.594Z,1275,23,38747,64244,1.380,1.870,93.7,1,3,188.6,107,39,15,0.64,53305
2026-09-23T18:05:57.284Z,1276,24,38763,64279,1.360,1.790,101.0,2,12,198.9,112,34,16,0.96,53349
2026-09-23T18:06:47.413Z,1277,22,38808,64346,1.470,2.010,74.2,1,7,186.8,114,34,15,0.57,53399
2026-09-23T18:07:49.499Z,1278,29,38915,64466,1.000,1.540,100.4,4,132,117.8,95,38,15,0.67,53461
2026-09-23T18:08:21.872Z,1279,23,38926,64503,1.560,1.600,99.4,1,4,188.0,109,40,14,0.22,53493
2026-09-23T18:08:57.867Z,1280,24,38955,64551,1.310,1.770,78.2,1,22,180.0,112,37,14,0.97,53529
2026-09-23T18:09:52.195Z,1281,27,38985,64598,1.260,1.770,85.5,2,24,179.8,111,38,15,0.80,53583
2026-09-23T18:10:40.263Z,1282,27,39061,64694,1.400,1.590,90.5,2,28,176.0,111,30,15,0.21,53632
2026-09-23T18:11:18.454Z,1283,31,39082,64731,1.110,1.620,89.8,2,15,183.2,112,26,15,0.38,53670
2026-09-23T18:12:20.675Z,1284,29,39148,64819,1.160,1.870,99.0,2,32,91.8,101,44,16,0.27,53732
2026-09-23T18:13:02.803Z,1285,24,39169,64865,1.290,1.990,100.0,2,8,185.0,99,47,16,0.99,53774
2026-09-23T18:13:32.975Z,1286,23,39184,64901,1.270,1.750,78.9,1,15,182.7,111,39,15,0.01,53804
2026-09-23T18:14:17.009Z,1287,20,39215,64955,1.450,1.840,90.1,0,0,100.0,122,28,17,0.45,53848
2026-09-23T18:14:49.155Z,1288,27,39258,65011,1.310,2.140,87.9,2,17,181.9,107,37,16,0.66,53880
2026-09-23T18:15:31.286Z,1289,28,39290,65062,1.180,1.970,97.5,2,10,186.1,111,36,17,0.00,53923
2026-09-23T18:15:55.416Z,1290,24,39326,65122,1.440,1.630,88.5,2,30,178.8,111,27,16,0.91,53947
2026-09-23T18:16:27.570Z,1291,23,39341,65158,1.430,1.650,97.3,1,6,141.9,108,41,17,0.03,53979
2026-09-23T18:16:55.659Z,1292,24,39350,65186,1.370,1.680,95.0,1,6,187.0,103,45,17,0.92,54007
2026-09-23T18:17:31.766Z,1293,25,39376,65231,1.390,1.720,88.7,2,28,177.8,100,40,15,0.00,54043
2026-09-23T18:18:48.742Z,1294,24,39401,65277,1.210,1.630,93.1,1,114,71.4,105,31,15,0.63,54120
2026-09-23T18:19:16.157Z,1295,23,39409,65306,1.450,1.630,85.0,1,2,114.0,102,48,16,0.50,54147
2026-09-23T18:19:48.736Z,1296,21,39424,65343,1.620,2.100,95.2,1,9,155.4,109,41,16,0.63,54180
2026-09-23T18:20:32.624Z,1297,22,39431,65369,1.450,1.660,93.7,2,15,141.8,110,35,16,0.01,54224
2026-09-23T18:21:18.489Z,1298,24,39445,65401,1.460,1.790,100.6,2,22,127.6,109,37,16,0.38,54270
2026-09-23T18:21:54.694Z,1299,26,39464,65438,1.320,1.640,87.7,2,21,181.4,107,33,16,0.89,54306
2026-09-23T18:22:32.792Z,1300,22,39494,65492,1.400,1.560,98.5,1,19,182.0,103,37,16,0.01,54344
2026-09-23T18:23:06.846Z,1301,27,39507,65520,1.240,1.940,98.2,2,3,188.3,106,41,16,0.91,54378
2026-09-23T18:24:05.132Z,1302,27,39620,65653,1.250,2.020,94.7,3,18,181.1,100,42,17,0.96,54436
2026-09-23T18:24:31.356Z,1303,22,39640,65698,1.530,1.900,93.8,1,23,178.3,110,37,16,0.00,54463
2026-09-23T18:26:05.619Z,1304,20,39705,65785,1.430,1.500,85.8,0,4,99.0,117,33,17,0.95,54557
2026-09-23T18:27:11.841Z,1305,31,39734,65823,0.990,1.820,83.1,2,14,96.5,117,32,14,0.72,54623
2026-09-23T18:27:41.984Z,1306,22,39742,65860,1.540,1.590,86.0,1,15,231.5,108,39,14,0.29,54653
2026-09-23T18:28:18.852Z,1307,29,39751,65882,1.170,1.710,83.2,2,5,98.6,110,35,15,0.40,54689
2026-09-23T18:29:20.388Z,1308,25,39788,65943,1.440,1.850,83.7,2,18,181.2,108,38,14,0.28,54752
2026-09-23T18:29:48.573Z,1309,22,39805,65983,1.500,1.890,85.6,1,12,184.7,104,46,15,0.63,54780
2026-09-23T18:32:07.098Z,1310,25,39818,66013,1.350,1.840,79.6,1,5,98.6,115,33,15,0.91,54918
2026-09-23T18:32:51.231Z,1311,22,39838,66056,1.490,1.870,97.9,1,13,182.7,117,30,14,0.75,54962
2026-09-23T18:34:07.581Z,1312,26,39979,66213,1.120,1.830,96.7,1,15,182.2,105,34,16,0.89,55039
2026-09-23T18:34:44.255Z,1313,24,40013,66269,1.600,1.940,92.0,1,19,180.0,118,29,15,0.38,55075
2026-09-23T18:35:27.806Z,1314,25,40027,66302,1.520,1.710,102.6,1,5,188.0,109,37,16,0.03,55119
2026-09-23T18:35:49.409Z,1315,25,40047,66342,1.310,1.810,117.7,1,42,185.0,112,33,15,0.67,55141
2026-09-23T18:36:22.016Z,1316,21,40059,66378,1.630,1.690,94.3,1,2,189.0,114,34,15,0.21,55173
2026-09-23T18:37:02.281Z,1317,24,40075,66411,1.330,1.650,102.8,1,8,186.5,110,37,15,1.00,55214
2026-09-23T18:37:54.486Z,1318,23,40091,66448,1.530,1.700,87.4,2,26,180.0,108,36,16,0.88,55266
2026-09-23T18:38:22.559Z,1319,22,40097,66475,1.610,2.000,76.7,1,22,179.6,109,32,15,0.19,55294
2026-09-23T18:39:00.742Z,1320,30,40115,66505,1.070,1.720,89.3,1,18,181.9,107,35,15,1.00,55332
2026-09-23T18:39:42.808Z,1321,26,40128,66542,1.380,1.770,89.1,1,18,181.7,100,47,17,0.33,55374
2026-09-23T18:40:10.893Z,1322,27,40139,66572,1.300,1.640,108.2,3,28,179.7,116,24,16,0.76,55402
2026-09-23T18:40:55.190Z,1323,25,40172,66627,1.410,1.870,70.6,3,20,183.0,107,37,15,0.91,55446
2026-09-23T18:41:29.249Z,1324,23,40181,66658,1.390,1.840,91.1,1,29,92.3,106,40,16,0.01,55480
2026-09-23T18:42:05.365Z,1325,27,40209,66702,1.280,1.840,101.8,1,21,178.4,104,42,17,0.95,55517
2026-09-23T18:42:39.529Z,1326,21,40223,66742,1.400,1.790,78.9,2,13,190.1,101,48,15,0.18,55551
2026-09-23T18:43:17.655Z,1327,24,40234,66770,1.560,1.770,83.3,2,2,189.0,112,36,16,0.42,55589
2026-09-23T18:44:05.954Z,1328,21,40241,66800,1.710,1.830,96.0,1,6,98.4,119,28,16,0.94,55637
2026-09-23T18:44:32.140Z,1329,25,40252,66827,1.430,1.540,92.7,1,10,185.4,116,29,16,0.00,55663
2026-09-23T18:45:12.160Z,1330,23,40262,66859,1.430,1.860,101.1,1,4,188.4,114,33,15,0.70,55703
2026-09-23T18:45:56.365Z,1331,23,40276,66893,1.180,1.760,96.5,1,1,114.6,110,40,16,0.94,55748
2026-09-23T18:46:26.485Z,1332,24,40343,66979,1.190,1.660,97.4,2,8,110.5,107,42,16,0.06,55778
2026-09-23T18:46:58.536Z,1333,20,40363,67023,1.620,1.620,99.1,1,16,182.3,105,45,16,0.98,55810
2026-09-23T18:48:04.758Z,1334,24,40377,67053,1.410,2.010,107.4,1,22,180.4,107,41,15,0.96,55876
2026-09-23T18:49:02.974Z,1335,20,40383,67083,1.580,1.570,105.6,1,15,132.1,109,41,16,0.99,55934
2026-09-23T18:49:49.269Z,1336,23,40392,67109,1.300,1.810,82.7,2,27,198.4,97,48,17,0.66,55980
2026-09-23T18:50:13.798Z,1337,23,40405,67142,1.370,1.620,80.4,1,3,128.3,109,41,17,0.63,56005
2026-09-23T18:50:53.554Z,1338,23,40423,67180,1.460,1.950,78.4,1,25,175.9,108,42,16,0.85,56045
2026-09-23T18:51:23.622Z,1339,21,40430,67209,1.600,1.550,98.8,1,16,181.3,119,30,16,0.15,56075
2026-09-23T18:51:57.824Z,1340,23,40443,67240,1.560,1.960,86.2,2,31,179.5,108,37,16,0.97,56109
2026-09-23T18:52:33.869Z,1341,28,40454,67266,1.300,1.590,88.0,2,11,184.4,108,37,16,0.02,56145
2026-09-23T18:53:11.981Z,1342,26,40480,67314,1.150,1.680,101.4,1,8,98.0,115,33,16,0.71,56183
2026-09-23T18:53:42.280Z,1343,32,40513,67361,1.140,1.950,86.6,2,20,138.7,105,38,16,0.30,56213
2026-09-23T18:54:02.338Z,1344,29,40537,67408,1.180,1.630,99.1,2,24,102.0,107,36,16,1.00,56234
2026-09-23T18:54:34.394Z,1345,21,40569,67468,1.540,1.930,78.7,1,25,175.2,113,32,16,0.03,56266
2026-09-23T18:55:26.630Z,1346,21,40582,67501,1.640,1.910,81.8,1,1,114.4,111,39,15,0.06,56318
2026-09-23T18:55:52.728Z,1347,28,40594,67526,1.160,1.770,102.0,3,19,183.4,110,30,15,0.82,56344
2026-09-23T18:56:40.899Z,1348,20,40629,67589,1.620,1.680,89.7,1,31,189.7,103,46,15,0.24,56392
2026-09-23T18:57:15.602Z,1349,22,40649,67627,1.480,1.690,84.7,1,3,143.5,117,33,15,0.55,56426
2026-09-23T18:58:13.167Z,1350,23,40670,67667,1.370,1.830,91.9,1,28,145.8,107,34,14,0.65,56484
2026-09-23T18:59:37.552Z,1351,22,40709,67727,1.670,1.700,90.6,1,7,98.2,100,46,16,0.11,56569
2026-09-23T19:00:16.438Z,1352,26,40717,67751,1.400,1.790,80.1,1,4,188.0,114,33,15,0.52,56607
2026-09-23T19:00:51.886Z,1353,29,40763,67814,1.330,1.630,86.0,2,10,185.0,106,34,16,0.78,56643
2026-09-23T19:01:44.269Z,1354,29,40808,67879,1.370,1.600,86.0,3,27,113.3,109,33,15,0.39,56695
2026-09-23T19:02:38.199Z,1355,25,40830,67925,1.460,1.760,91.6,1,29,91.5,115,34,15,0.13,56749
2026-09-23T19:03:08.347Z,1356,22,40847,67965,1.390,1.650,92.5,1,12,184.5,115,33,15,0.86,56780
2026-09-23T19:03:42.487Z,1357,24,40856,67992,1.360,1.860,84.0,1,6,164.0,111,37,15,0.31,56814
2026-09-23T19:04:26.687Z,1358,26,40898,68052,1.340,1.640,82.3,2,31,174.8,107,36,16,0.05,56858
2026-09-23T19:05:28.773Z,1359,31,40938,68107,1.300,1.790,96.9,2,16,184.0,111,33,16,0.02,56920
2026-09-23T19:06:01.035Z,1360,25,40966,68161,1.350,1.810,93.1,3,19,182.6,108,37,15,1.00,56952
2026-09-23T19:06:35.152Z,1361,26,40988,68202,1.300,1.910,75.9,1,27,115.3,100,43,17,0.04,56986
2026-09-23T19:07:15.390Z,1362,24,41002,68238,1.320,1.760,100.4,1,15,147.6,102,41,17,0.54,57027
2026-09-23T19:07:59.416Z,1363,22,41010,68268,1.420,1.630,90.6,1,28,176.6,110,38,15,0.99,57071
2026-09-23T19:08:29.677Z,1364,25,41030,68305,1.290,1.870,85.3,2,8,185.6,110,37,16,0.01,57101
2026-09-23T19:09:16.715Z,1365,23,41139,68436,1.480,2.030,88.5,1,5,112.7,110,37,15,0.49,57148
2026-09-23T19:09:51.871Z,1366,20,41241,68561,1.400,1.770,94.4,1,3,143.8,117,32,17,0.78,57183
2026-09-23T19:10:27.996Z,1367,21,41264,68603,1.700,1.440,84.9,1,4,188.2,119,30,16,0.03,57219
2026-09-23T19:11:22.172Z,1368,21,41274,68633,1.580,2.010,80.6,1,9,186.5,111,36,16,0.21,57273
2026-09-23T19:12:20.343Z,1369,23,41398,68775,1.360,1.470,83.3,2,28,177.9,100,46,15,0.29,57332
2026-09-23T19:12:46.936Z,1370,24,41406,68802,1.360,2.060,86.0,1,7,187.1,117,30,15,0.52,57358
2026-09-23T19:13:12.516Z,1371,21,41432,68851,1.610,1.710,81.5,1,1,114.5,111,38,16,0.69,57384
2026-09-23T19:13:45.170Z,1372,30,41445,68875,1.270,1.900,83.0,2,14,96.0,108,32,15,0.43,57416
2026-09-23T19:14:15.081Z,1373,31,41462,68911,1.080,1.460,101.4,2,2,99.6,100,44,15,0.57,57446
2026-09-23T19:14:50.924Z,1374,23,41482,68959,1.330,1.880,87.7,1,3,99.2,109,41,16,0.74,57482
2026-09-23T19:15:29.050Z,1375,22,41575,69073,1.320,1.530,96.1,2,19,129.8,107,33,16,0.01,57520
2026-09-23T19:16:07.369Z,1376,22,41595,69113,1.380,1.720,91.8,1,22,140.6,111,36,17,0.90,57559
2026-09-23T19:16:46.167Z,1377,22,41606,69144,1.590,2.060,100.2,1,6,187.5,114,34,16,0.48,57597
2026-09-23T19:17:25.693Z,1378,23,41677,69234,1.480,1.640,92.8,2,24,177.1,108,38,16,0.08,57637
2026-09-23T19:18:07.738Z,1379,22,41693,69271,1.330,1.490,84.4,1,28,174.5,111,36,16,0.89,57679
2026-09-23T19:18:38.015Z,1380,23,41704,69301,1.480,1.750,99.4,2,27,178.8,119,25,16,0.12,57709
2026-09-23T19:19:08.057Z,1381,31,41747,69356,1.210,1.850,83.6,3,24,224.0,105,35,15,0.88,57739
2026-09-23T19:19:38.093Z,1382,25,41779,69414,1.490,1.910,83.2,2,21,179.6,109,34,15,0.13,57769
2026-09-23T19:20:00.282Z,1383,23,41788,69445,1.450,1.580,84.1,1,1,114.5,114,36,17,1.00,57791
2026-09-23T19:20:42.418Z,1384,30,41810,69480,1.140,1.790,65.5,2,19,94.8,107,31,16,0.31,57834
2026-09-23T19:21:36.546Z,1385,32,41855,69543,1.220,1.760,92.8,2,15,96.2,96,45,13,0.08,57888
2026-09-23T19:22:36.869Z,1386,30,41939,69649,1.210,2.200,105.5,2,32,152.3,111,32,14,0.09,57948
2026-09-23T19:23:39.057Z,1387,22,42084,69822,1.590,1.750,78.0,1,22,178.8,97,43,16,0.16,58010
2026-09-23T19:24:33.222Z,1388,21,42097,69856,1.520,1.480,83.3,1,9,185.9,106,43,15,0.01,58064
2026-09-23T19:25:07.418Z,1389,29,42136,69907,1.060,1.900,82.4,2,15,182.9,108,31,17,0.90,58099
2026-09-23T19:25:33.485Z,1390,23,42153,69950,1.380,1.980,90.1,2,14,182.6,105,40,16,0.01,58125
2026-09-23T19:25:57.554Z,1391,25,42177,69992,1.280,1.980,95.5,1,17,95.1,104,43,17,0.96,58149
2026-09-23T19:26:19.773Z,1392,23,42192,70029,1.350,1.810,78.0,1,12,184.4,107,41,17,0.32,58171
2026-09-23T19:27:29.933Z,1393,24,42268,70124,1.280,1.620,74.4,2,17,186.7,117,31,17,0.00,58241
2026-09-23T19:28:22.150Z,1394,22,42315,70193,1.300,2.000,96.9,1,13,189.6,99,47,17,0.21,58293
2026-09-23T19:29:10.373Z,1395,20,42392,70292,1.410,1.710,78.5,2,17,182.7,115,34,17,0.79,58342
2026-09-23T19:29:58.648Z,1396,25,42411,70326,1.160,1.760,96.7,1,21,211.0,108,38,17,0.98,58390
2026-09-23T19:30:38.672Z,1397,23,42426,70363,1.400,1.780,103.2,1,1,99.7,108,42,17,0.15,58430
2026-09-23T19:31:30.872Z,1398,26,42495,70449,1.280,1.480,86.2,3,23,178.9,108,36,17,0.00,58482
2026-09-23T19:32:00.887Z,1399,21,42516,70495,1.480,1.830,98.0,3,60,245.6,105,38,17,1.00,58512
2026-09-23T19:33:13.317Z,1400,34,42644,70630,1.200,2.060,87.8,3,21,183.2,108,33,17,0.65,58584
2026-09-23T19:33:59.500Z,1401,24,42676,70692,1.450,2.080,79.5,2,23,181.1,124,23,17,0.99,58631
2026-09-23T19:34:57.834Z,1402,27,42699,70732,1.280,1.770,94.1,1,5,187.3,105,41,16,0.97,58689
2026-09-23T19:35:31.963Z,1403,21,42714,70773,1.470,1.890,97.8,1,28,175.9,109,38,16,0.00,58723
2026-09-23T19:36:32.062Z,1404,21,42737,70816,1.610,1.980,91.7,1,9,185.2,109,40,17,0.00,58783
2026-09-23T19:37:06.255Z,1405,23,42751,70848,1.370,1.320,102.9,1,1,189.5,114,35,17,0.93,58817
2026-09-23T19:38:08.551Z,1406,23,42778,70895,1.460,1.860,89.1,2,15,184.5,108,39,8,0.86,58880
2026-09-23T19:38:54.624Z,1407,25,42800,70935,1.410,1.430,83.0,1,29,179.2,114,26,16,0.89,58926
2026-09-23T19:39:48.848Z,1408,21,42854,71013,1.550,1.660,72.8,1,11,185.1,123,25,17,0.64,58980
2026-09-23T19:40:50.970Z,1409,24,42880,71056,1.210,1.770,96.6,2,28,220.5,113,35,17,0.74,59042
2026-09-23T19:41:41.223Z,1410,28,42973,71165,1.210,1.990,92.3,3,27,175.5,109,33,17,0.25,59092
2026-09-23T19:42:09.279Z,1411,26,42992,71206,1.370,1.550,91.3,1,6,186.9,106,40,17,0.83,59120
2026-09-23T19:42:47.501Z,1412,20,43008,71248,1.250,1.490,82.5,0,0,100.0,115,35,17,0.57,59159
2026-09-23T19:43:37.719Z,1413,22,43052,71310,1.270,2.180,86.7,1,18,182.3,111,32,17,0.11,59209
2026-09-23T19:44:07.721Z,1414,23,43077,71354,1.490,1.630,85.2,1,4,187.6,117,30,19,0.89,59239
2026-09-23T19:45:24.048Z,1415,26,43203,71497,1.240,1.770,76.0,2,26,179.6,103,32,17,0.13,59315
2026-09-23T19:46:06.194Z,1416,25,43221,71536,1.380,1.720,97.0,1,2,128.9,113,35,17,0.93,59357
2026-09-23T19:46:42.586Z,1417,31,43274,71603,1.170,2.040,105.4,4,21,181.1,100,39,17,0.32,59394
2026-09-23T19:47:04.473Z,1418,20,43287,71647,1.350,1.900,94.2,0,0,100.0,111,39,17,0.97,59416
2026-09-23T19:47:40.653Z,1419,24,43321,71697,1.500,1.850,89.1,1,1,189.5,108,40,18,0.23,59452
2026-09-23T19:48:26.838Z,1420,27,43347,71740,1.120,1.570,88.1,2,21,274.4,107,39,18,0.05,59498
2026-09-23T19:48:54.855Z,1421,22,43382,71800,1.780,1.870,103.4,1,2,99.4,106,43,17,0.89,59526
2026-09-23T19:49:51.029Z,1422,22,43388,71826,1.420,1.420,94.8,1,2,189.2,118,31,17,0.74,59582
2026-09-23T19:50:41.345Z,1423,22,43400,71858,1.600,1.820,100.4,1,22,138.7,115,29,17,0.26,59633
2026-09-23T19:51:21.445Z,1424,29,43416,71887,1.190,1.990,77.3,2,11,184.7,117,25,17,0.24,59673
2026-09-23T19:51:59.587Z,1425,21,43444,71943,1.550,1.770,94.7,1,13,152.2,100,50,18,0.99,59711
2026-09-23T19:52:55.844Z,1426,22,43462,71980,1.640,1.610,85.2,1,12,96.8,111,36,17,0.92,59767
2026-09-23T19:53:37.996Z,1427,26,43473,72007,1.140,1.750,92.1,1,30,175.0,110,35,17,0.12,59809
2026-09-23T19:54:02.216Z,1428,23,43481,72038,1.410,1.550,89.3,1,1,104.2,117,29,18,1.00,59833
2026-09-23T19:54:52.256Z,1429,29,43520,72091,1.200,1.610,89.9,3,28,177.6,112,36,17,0.80,59883
2026-09-23T19:55:26.381Z,1430,26,43598,72192,1.330,1.710,101.6,2,9,97.6,112,34,17,0.06,59918
2026-09-23T19:56:02.603Z,1431,21,43609,72228,1.650,1.510,87.3,1,10,170.8,113,37,17,0.99,59954
2026-09-23T19:56:52.764Z,1432,24,43618,72254,1.290,1.480,81.7,1,3,143.5,112,37,17,0.82,60004
2026-09-23T19:57:30.896Z,1433,20,43624,72284,1.360,1.820,82.4,0,0,100.0,118,32,16,0.00,60042
2026-09-23T19:58:33.150Z,1434,24,43662,72338,1.370,1.760,68.5,2,20,180.7,105,43,17,0.01,60104
2026-09-23T19:59:07.269Z,1435,20,43685,72385,1.590,1.630,91.7,0,0,100.0,110,40,16,0.90,60138
2026-09-23T19:59:37.424Z,1436,24,43703,72419,1.360,1.850,82.0,1,2,188.9,108,38,17,0.10,60169
2026-09-23T20:00:01.409Z,1437,27,43722,72455,1.140,1.590,99.1,1,7,98.1,106,40,15,1.00,60193
2026-09-23T20:00:39.634Z,1438,28,43765,72517,1.100,1.840,89.6,2,19,139.7,104,37,17,0.18,60231
2026-09-23T20:01:21.770Z,1439,25,43786,72561,1.370,2.040,99.5,2,14,190.2,107,41,17,0.23,60273
2026-09-23T20:01:43.843Z,1440,23,43800,72597,1.420,1.490,84.9,1,4,278.1,114,36,17,0.38,60295
2026-09-23T20:02:23.961Z,1441,27,43833,72646,1.280,1.750,91.3,2,13,153.6,107,38,16,0.14,60335
2026-09-23T20:03:06.182Z,1442,28,43864,72696,1.170,2.030,95.5,1,26,177.1,107,36,16,0.93,60377
2026-09-23T20:03:52.344Z,1443,23,43892,72749,1.390,1.470,81.4,1,4,109.9,117,32,16,0.80,60423
2026-09-23T20:04:52.568Z,1444,25,43908,72783,1.310,1.560,83.3,1,17,183.9,114,30,17,0.81,60484
2026-09-23T20:05:36.642Z,1445,25,43939,72834,1.310,1.550,96.4,2,11,185.9,108,38,17,0.08,60528
2026-09-23T20:07:13.049Z,1446,24,43960,72876,1.470,1.700,79.3,2,28,177.4,97,43,17,0.66,60624
2026-09-23T20:08:21.341Z,1447,26,43988,72922,1.170,1.680,96.2,2,32,173.1,106,39,18,0.25,60692
2026-09-23T20:08:57.307Z,1448,28,44015,72967,1.140,1.570,84.2,3,24,177.6,108,25,17,0.96,60728
2026-09-23T20:09:43.468Z,1449,22,44035,73013,1.440,1.600,94.1,1,3,113.5,123,25,17,0.36,60775
2026-09-23T20:10:15.906Z,1450,32,44069,73057,1.010,1.570,105.2,2,10,185.5,100,44,17,0.53,60807
2026-09-23T20:10:43.739Z,1451,25,44093,73108,1.560,1.490,83.7,2,18,181.1,94,48,17,0.37,60835
2026-09-23T20:11:07.767Z,1452,20,44105,73145,1.540,1.720,94.0,1,14,190.4,106,39,17,0.89,60859
2026-09-23T20:12:08.021Z,1453,28,44123,73175,1.340,1.900,86.3,2,23,130.6,114,30,17,0.88,60919
2026-09-23T20:13:02.236Z,1454,22,44133,73211,1.450,1.480,80.9,1,16,186.7,114,34,17,1.00,60973
2026-09-23T20:14:03.702Z,1455,25,44154,73249,1.400,1.810,99.3,2,61,165.2,108,31,18,0.98,61035
2026-09-23T20:14:56.580Z,1456,22,44169,73287,1.300,1.790,95.7,1,27,176.3,113,31,17,0.94,61088
2026-09-23T20:15:44.922Z,1457,20,44188,73328,1.560,1.660,87.5,0,0,100.0,112,38,17,0.42,61136
2026-09-23T20:16:23.105Z,1458,28,44239,73391,1.110,1.660,74.8,3,100,170.3,101,29,18,0.17,61174
2026-09-23T20:16:59.045Z,1459,21,44253,73432,1.400,1.950,85.9,1,23,132.4,106,35,16,0.99,61210
2026-09-23T20:17:35.234Z,1460,22,44269,73467,1.360,1.670,93.1,2,10,146.3,107,42,18,0.04,61246
2026-09-23T20:18:01.272Z,1461,20,44277,73497,1.420,1.980,93.8,0,0,100.0,113,37,17,1.00,61272
2026-09-23T20:18:27.463Z,1462,23,44290,73527,1.290,1.770,97.3,1,5,142.7,91,56,16,0.04,61299
2026-09-23T20:18:59.583Z,1463,33,44314,73561,1.170,1.950,89.9,2,7,110.7,112,34,17,0.99,61331
2026-09-23T20:19:31.579Z,1464,40,44378,73638,0.920,1.690,113.3,3,16,95.7,99,41,17,0.00,61363
2026-09-23T20:20:07.708Z,1465,20,44423,73723,1.530,2.080,91.4,1,17,180.9,99,49,19,0.89,61399
2026-09-23T20:20:31.756Z,1466,24,44430,73746,1.520,1.550,97.3,1,6,142.0,121,29,16,0.00,61423
2026-09-23T20:21:18.300Z,1467,25,44473,73808,1.220,1.650,89.5,1,1,189.6,108,40,17,0.39,61469
2026-09-23T20:22:04.280Z,1468,22,44531,73889,1.210,1.650,88.8,1,20,137.7,114,29,17,0.97,61515
2026-09-23T20:22:54.264Z,1469,24,44552,73928,1.320,1.730,99.7,1,2,204.0,105,43,18,0.87,61565
2026-09-23T20:23:52.454Z,1470,31,44609,73998,1.050,1.810,83.5,2,4,99.0,117,24,17,0.80,61624
2026-09-23T20:24:42.661Z,1471,20,44637,74057,1.530,1.750,92.6,0,0,100.0,105,45,18,0.32,61674
2026-09-23T20:25:22.804Z,1472,26,44660,74094,1.410,1.350,98.3,2,12,184.7,108,36,19,0.18,61714
2026-09-23T20:26:15.420Z,1473,21,44679,74138,1.440,1.880,93.0,2,37,166.8,110,34,16,0.55,61766
2026-09-23T20:26:43.194Z,1474,26,44694,74168,1.230,1.500,92.9,2,15,153.0,106,43,19,0.34,61794
2026-09-23T20:27:13.157Z,1475,28,44713,74205,1.330,1.840,88.1,1,7,186.2,112,35,19,0.66,61824
2026-09-23T20:28:03.389Z,1476,24,44747,74263,1.590,1.610,90.4,1,1,189.4,115,32,19,0.99,61874
2026-09-23T20:28:29.482Z,1477,22,44755,74293,1.440,1.350,86.7,1,5,188.0,104,43,19,0.01,61901
2026-09-23T20:29:23.617Z,1478,20,44766,74326,1.530,1.560,102.8,1,27,175.9,106,41,19,0.15,61955
2026-09-23T20:30:09.803Z,1479,27,44782,74355,1.370,1.870,98.9,1,22,197.9,109,31,19,0.81,62001
2026-09-23T20:30:35.914Z,1480,20,44803,74403,1.600,1.830,82.1,0,0,100.0,107,43,17,0.06,62027
2026-09-23T20:31:05.981Z,1481,30,44838,74448,1.200,2.090,82.8,2,23,177.3,106,34,19,0.94,62057
2026-09-23T20:31:36.162Z,1482,31,44881,74510,1.090,1.890,78.8,2,23,182.4,102,29,19,0.06,62087
2026-09-23T20:32:10.276Z,1483,26,44914,74568,1.270,1.680,87.5,1,1,189.5,124,24,19,0.79,62121
2026-09-23T20:33:00.438Z,1484,21,44984,74663,1.320,1.720,82.0,3,18,182.1,111,25,19,1.00,62172
2026-09-23T20:33:38.597Z,1485,22,45008,74706,1.490,1.850,99.5,1,16,190.9,107,35,19,0.14,62210
2026-09-23T20:34:50.785Z,1486,24,45022,74738,1.430,1.630,74.6,2,25,181.2,114,27,16,0.73,62282
2026-09-23T20:35:22.977Z,1487,33,45044,74771,1.040,1.830,85.5,3,22,94.5,107,36,16,0.18,62314
2026-09-23T20:36:15.601Z,1488,28,45126,74878,1.260,1.890,82.5,2,25,267.3,119,23,19,0.54,62367
2026-09-23T20:37:23.356Z,1489,20,45204,74984,1.830,1.850,79.7,1,31,131.4,108,34,19,0.16,62434
2026-09-23T20:37:59.550Z,1490,20,45217,75017,1.820,1.960,102.0,1,14,183.7,114,31,19,0.99,62471
2026-09-23T20:38:31.602Z,1491,27,45227,75040,1.230,1.400,84.2,2,9,186.3,103,44,19,0.00,62503
2026-09-23T20:39:23.831Z,1492,24,45252,75088,1.430,1.880,86.5,2,26,180.7,118,31,19,0.14,62555
2026-09-23T20:40:18.563Z,1493,20,45321,75181,1.580,1.960,93.4,0,0,100.0,109,41,19,0.38,62610
2026-09-23T20:40:38.341Z,1494,25,45357,75232,1.420,1.710,86.7,1,12,184.2,114,29,19,0.13,62629
2026-09-23T20:41:20.607Z,1495,23,45396,75293,1.410,1.590,98.6,1,73,165.1,101,35,18,0.28,62672
2026-09-23T20:42:08.361Z,1496,25,45410,75325,1.440,1.770,100.4,2,6,142.1,104,39,18,0.87,62719
2026-09-23T20:42:50.634Z,1497,24,45430,75366,1.400,1.670,81.5,1,64,167.3,115,23,18,0.72,62762
2026-09-23T20:43:16.855Z,1498,23,45445,75402,1.310,1.610,81.1,1,10,119.0,105,43,18,0.47,62788
2026-09-23T20:43:54.841Z,1499,24,45461,75437,1.330,1.960,89.8,2,30,178.6,101,43,18,0.89,62826
2026-09-23T20:44:38.900Z,1500,19,45468,75469,1.610,1.740,81.5,1,16,183.1,110,35,18,0.15,62870
2026-09-23T20:45:27.048Z,1501,21,45474,75493,1.490,1.840,69.3,1,18,160.7,113,37,19,0.05,62918
2026-09-23T20:46:21.181Z,1502,23,45488,75525,1.490,1.840,86.3,1,21,180.2,112,33,19,0.25,62972
2026-09-23T20:46:57.371Z,1503,19,45494,75555,1.690,1.530,74.2,2,31,257.8,105,35,19,0.96,63008
2026-09-23T20:47:33.465Z,1504,24,45498,75574,1.540,1.990,96.3,1,25,179.8,112,30,18,0.01,63045
2026-09-23T20:47:59.582Z,1505,27,45513,75606,1.200,1.860,86.4,1,14,96.0,118,28,18,0.99,63071
2026-09-23T20:48:27.697Z,1506,24,45536,75652,1.360,1.890,84.4,2,19,181.5,103,44,18,0.03,63099
2026-09-23T20:49:31.986Z,1507,24,45553,75689,1.390,1.840,94.0,1,6,186.7,109,40,16,0.00,63163
2026-09-23T20:50:36.272Z,1508,22,45753,75911,1.360,1.740,87.3,1,32,173.5,106,37,18,0.07,63227
2026-09-23T20:51:02.266Z,1509,39,45793,75954,0.920,2.080,82.7,2,26,179.4,108,28,18,1.00,63253
2026-09-23T20:51:46.995Z,1510,24,45876,76072,1.370,2.060,104.6,1,22,182.2,99,42,19,0.52,63298
2026-09-23T20:52:24.495Z,1511,24,45896,76112,1.380,1.730,91.1,2,31,159.1,108,37,19,0.12,63336
2026-09-23T20:53:00.685Z,1512,26,45925,76159,1.330,1.590,104.0,2,20,179.0,104,35,18,1.00,63372
2026-09-23T20:53:34.766Z,1513,27,45946,76199,1.510,2.040,97.8,2,18,135.1,110,34,18,0.03,63406
2026-09-23T20:54:02.895Z,1514,25,45955,76230,1.400,2.080,93.4,1,20,179.3,103,39,18,0.99,63434
2026-09-23T20:54:40.990Z,1515,32,46036,76324,0.970,1.730,89.5,2,15,153.8,103,40,18,0.24,63472
2026-09-23T20:55:11.142Z,1516,25,46066,76381,1.230,1.940,91.1,1,32,134.7,103,46,16,0.76,63502
2026-09-23T20:55:45.200Z,1517,27,46088,76421,1.320,1.600,89.4,2,14,211.1,109,31,18,0.44,63536
2026-09-23T20:56:11.332Z,1518,23,46111,76468,1.510,1.740,89.6,1,2,106.4,111,37,17,0.75,63562
2026-09-23T20:56:51.564Z,1519,24,46130,76506,1.370,1.710,90.1,1,6,98.2,113,37,17,0.76,63603
2026-09-23T20:57:13.619Z,1520,27,46160,76553,1.080,1.480,84.7,2,7,98.1,115,34,17,0.64,63625
2026-09-23T20:58:31.848Z,1521,20,46177,76597,1.570,1.520,74.0,0,0,100.0,115,35,17,0.00,63703
2026-09-23T20:59:09.943Z,1522,28,46203,76635,1.140,1.710,78.5,2,27,176.6,102,40,18,0.81,63741
2026-09-23T20:59:36.061Z,1523,23,46229,76686,1.470,1.630,76.8,1,29,177.0,101,38,17,0.06,63767
2026-09-23T21:00:10.115Z,1524,23,46246,76723,1.250,1.620,94.8,1,24,124.6,116,33,17,0.80,63801
2026-09-23T21:00:52.339Z,1525,26,46260,76754,1.360,1.850,99.0,2,28,175.6,110,31,18,0.80,63843
2026-09-23T21:01:32.399Z,1526,23,46291,76808,1.190,1.820,87.4,1,3,99.1,103,46,18,0.00,63883
2026-09-23T21:02:12.615Z,1527,24,46353,76889,1.340,1.880,96.5,2,30,177.8,105,39,18,0.69,63924
2026-09-23T21:02:47.068Z,1528,31,46369,76918,1.250,1.720,85.3,2,8,185.3,101,41,18,0.54,63958
2026-09-23T21:03:26.932Z,1529,25,46398,76973,1.290,1.810,74.2,1,11,185.6,115,31,18,0.05,63998
2026-09-23T21:04:00.965Z,1530,22,46437,77035,1.350,1.850,89.4,2,25,197.2,105,40,17,1.00,64032
2026-09-23T21:04:39.163Z,1531,23,46454,77071,1.530,1.840,81.3,1,25,221.8,112,27,18,0.16,64070
2026-09-23T21:05:13.265Z,1532,22,46464,77102,1.380,1.600,79.9,1,10,186.3,112,37,17,0.66,64104
2026-09-23T21:06:03.434Z,1533,23,46478,77135,1.430,1.660,98.4,1,8,97.8,108,40,18,0.99,64155
2026-09-23T21:06:41.589Z,1534,20,46495,77175,1.430,1.910,85.6,2,29,175.5,106,39,16,0.26,64193
2026-09-23T21:07:13.747Z,1535,29,46511,77202,1.220,2.200,91.3,2,20,99.4,110,33,18,0.63,64225
2026-09-23T21:07:51.857Z,1536,27,46528,77241,1.260,1.660,96.0,1,1,121.9,117,31,18,0.77,64263
2026-09-23T21:08:21.889Z,1537,23,46568,77305,1.380,2.110,97.8,1,6,186.3,109,35,17,0.22,64293
2026-09-23T21:09:14.126Z,1538,23,46591,77348,1.480,1.600,84.8,1,25,178.7,108,36,18,0.61,64345
2026-09-23T21:09:56.206Z,1539,24,46628,77404,1.240,1.640,89.9,1,7,112.2,117,33,17,0.93,64387
2026-09-23T21:10:38.344Z,1540,29,46649,77440,1.310,1.660,83.1,2,20,164.4,118,22,17,0.13,64429
2026-09-23T21:11:21.041Z,1541,20,46680,77500,1.550,1.640,90.4,4,65,170.8,98,47,18,0.26,64472
2026-09-23T21:11:59.661Z,1542,22,46691,77529,1.510,1.790,91.5,2,10,229.8,109,39,18,0.99,64511
2026-09-23T21:12:42.762Z,1543,20,46719,77579,1.550,1.860,81.9,1,16,242.2,115,32,17,0.32,64554
2026-09-23T21:13:31.034Z,1544,30,46736,77606,1.240,1.720,86.3,2,25,100.3,111,35,17,0.00,64602
2026-09-23T21:14:05.040Z,1545,23,46758,77655,1.470,1.730,94.3,1,5,98.7,107,43,17,0.96,64636
2026-09-23T21:14:45.237Z,1546,36,46779,77683,0.980,1.770,99.6,3,25,178.0,104,36,15,0.44,64676
2026-09-23T21:15:35.357Z,1547,25,46946,77881,1.540,1.990,95.8,2,21,182.0,105,37,18,0.04,64726
2026-09-23T21:16:21.008Z,1548,24,46967,77923,1.420,1.950,86.8,2,123,150.2,101,32,17,0.26,64772
2026-09-23T21:16:57.783Z,1549,22,46974,77952,1.470,1.590,89.7,1,25,178.3,111,35,18,0.97,64809
2026-09-23T21:17:41.879Z,1550,22,46998,77996,1.390,1.860,79.0,1,9,192.7,117,33,17,0.28,64853
2026-09-23T21:18:22.799Z,1551,25,47023,78038,1.300,1.640,79.9,1,13,184.6,119,29,18,0.19,64894
2026-09-23T21:18:52.127Z,1552,20,47035,78075,1.400,1.390,96.5,0,0,100.0,111,39,17,0.79,64923
2026-09-23T21:19:56.329Z,1553,26,47103,78157,1.210,2.130,84.8,1,4,187.9,114,31,18,0.93,64987
2026-09-23T21:20:20.544Z,1554,23,47131,78208,1.480,1.750,93.0,1,9,104.0,110,37,17,0.29,65012
2026-09-23T21:20:54.499Z,1555,33,47169,78256,1.080,1.650,82.1,2,13,119.0,108,28,17,0.88,65046
2026-09-23T21:21:14.572Z,1556,27,47184,78297,1.340,1.990,86.7,2,2,188.7,114,32,17,0.59,65066
2026-09-23T21:21:52.822Z,1557,26,47206,78340,1.220,1.950,69.4,2,59,161.7,88,44,18,0.82,65104
2026-09-23T21:22:14.881Z,1558,28,47219,78371,1.300,2.450,91.3,2,18,119.0,111,31,18,0.57,65126
2026-09-23T21:22:42.874Z,1559,26,47265,78439,1.230,1.670,96.0,2,7,187.1,109,39,17,0.32,65154
2026-09-23T21:23:25.132Z,1560,20,47282,78482,1.710,1.730,98.4,1,25,185.6,109,39,17,0.10,65196
2026-09-23T21:24:09.182Z,1561,22,47293,78511,1.600,1.920,84.1,2,27,180.5,111,32,18,0.84,65240
2026-09-23T21:24:49.410Z,1562,21,47301,78540,1.630,2.030,100.1,1,3,120.7,103,47,18,0.66,65280
2026-09-23T21:25:27.502Z,1563,23,47320,78577,1.310,1.570,85.3,1,29,178.6,106,36,18,0.04,65319
2026-09-23T21:26:21.708Z,1564,32,47351,78619,1.160,1.530,87.4,2,28,178.6,117,24,17,0.23,65373
2026-09-23T21:26:46.217Z,1565,20,47363,78663,1.800,2.170,81.9,1,10,184.8,116,33,17,0.49,65397
2026-09-23T21:27:37.962Z,1566,24,47375,78691,1.140,2.010,83.5,1,19,101.1,110,39,17,0.12,65449
2026-09-23T21:28:08.098Z,1567,24,47419,78755,1.410,1.780,79.3,2,28,173.3,111,36,17,0.88,65479
2026-09-23T21:28:36.233Z,1568,22,47433,78791,1.610,1.630,90.8,1,20,108.8,114,34,17,0.06,65507
2026-09-23T21:29:28.459Z,1569,20,47444,78824,1.330,1.580,70.6,0,0,100.0,121,29,18,0.02,65559
2026-09-23T21:30:03.471Z,1570,21,47472,78871,1.660,1.720,84.3,1,47,169.9,104,35,17,0.99,65595
2026-09-23T21:30:58.655Z,1571,25,47483,78898,1.570,1.760,101.0,1,8,132.5,108,39,18,0.98,65650
2026-09-23T21:31:26.756Z,1572,24,47491,78927,1.510,1.830,90.9,1,18,181.1,107,38,18,0.06,65678
2026-09-23T21:33:03.124Z,1573,34,47532,78978,1.010,1.790,88.0,4,25,179.8,113,31,18,0.99,65774
2026-09-23T21:33:29.228Z,1574,20,47567,79047,1.710,1.590,82.6,1,9,192.4,116,32,17,0.01,65800
2026-09-23T21:35:03.497Z,1575,19,47584,79085,1.680,1.640,99.4,1,13,189.6,124,23,18,0.99,65895
2026-09-23T21:35:46.023Z,1576,25,47597,79112,1.320,1.330,89.6,1,21,182.1,117,28,17,0.48,65937
2026-09-23T21:36:16.169Z,1577,23,47606,79143,1.430,1.650,102.4,1,6,97.8,121,27,18,0.51,65967
2026-09-23T21:37:32.002Z,1578,32,47632,79180,1.240,1.990,78.3,2,25,176.7,101,37,17,0.00,66043
2026-09-23T21:38:12.221Z,1579,25,47661,79236,1.230,1.490,102.4,2,26,118.3,103,41,17,0.71,66083
2026-09-23T21:39:02.339Z,1580,26,47678,79272,1.350,1.880,82.6,2,28,147.9,110,28,17,1.00,66133
2026-09-23T21:39:50.632Z,1581,24,47706,79322,1.280,1.880,95.5,2,4,98.7,103,46,18,0.72,66182
2026-09-23T21:40:22.683Z,1582,26,47738,79372,1.380,1.950,91.8,2,28,180.4,107,36,18,0.19,66214
2026-09-23T21:41:10.858Z,1583,24,47749,79405,1.420,2.310,105.2,1,2,189.0,112,37,18,0.77,66262
2026-09-23T21:42:21.104Z,1584,24,47769,79445,1.320,1.920,90.3,1,5,142.2,117,28,17,0.26,66332
2026-09-23T21:42:51.161Z,1585,25,47800,79495,1.370,1.730,80.9,1,19,179.9,115,32,17,0.74,66362
2026-09-23T21:43:55.371Z,1586,26,47815,79529,1.150,1.770,106.5,1,19,182.0,110,37,17,0.91,66426
2026-09-23T21:44:21.186Z,1587,24,47860,79596,1.480,1.680,98.6,1,44,171.1,107,37,18,0.26,66452
2026-09-23T21:45:23.679Z,1588,23,47880,79637,1.420,1.600,94.3,2,17,183.6,103,42,17,0.15,66515
2026-09-23T21:45:54.174Z,1589,27,47899,79672,1.340,1.710,79.8,2,3,143.5,109,38,17,0.87,66545
2026-09-23T21:46:34.033Z,1590,25,47931,79726,1.470,1.960,93.3,2,16,183.3,104,35,18,0.02,66585
2026-09-23T21:47:22.120Z,1591,20,47946,79766,1.470,1.710,78.1,0,0,100.0,106,44,17,0.22,66633
2026-09-23T21:48:38.366Z,1592,24,47977,79813,1.410,2.040,95.8,1,6,98.7,107,42,17,0.13,66709
2026-09-23T21:49:06.464Z,1593,27,47998,79851,1.240,1.750,95.1,1,12,184.1,108,35,18,0.93,66737
2026-09-23T21:49:56.638Z,1594,28,48035,79907,1.230,1.830,100.3,2,22,179.0,114,30,17,0.94,66788
2026-09-23T21:50:53.093Z,1595,31,48065,79954,1.130,2.150,87.5,3,63,196.1,110,32,17,0.83,66844
2026-09-23T21:51:26.960Z,1596,22,48129,80047,1.500,1.630,84.9,1,3,188.9,121,28,17,0.05,66878
2026-09-23T21:52:03.220Z,1597,22,48157,80095,1.390,1.540,99.8,2,31,179.5,120,28,17,0.99,66914
2026-09-23T21:52:37.255Z,1598,30,48172,80122,1.180,2.050,94.3,2,28,233.8,107,34,17,0.09,66948
2026-09-23T21:53:07.431Z,1599,25,48210,80185,1.340,1.570,89.3,1,1,99.7,111,39,17,0.90,66978
2026-09-23T21:53:43.500Z,1600,26,48220,80214,1.280,1.690,97.6,2,11,196.5,103,41,17,0.35,67015
2026-09-23T21:54:19.626Z,1601,25,48234,80249,1.360,1.610,90.2,2,6,186.9,107,40,19,0.33,67051
2026-09-23T21:54:49.817Z,1602,24,48270,80306,1.340,1.840,83.7,1,2,189.1,111,36,17,0.68,67081
2026-09-23T21:55:29.859Z,1603,22,48295,80353,1.570,1.730,99.5,1,26,177.0,105,42,18,0.01,67121
2026-09-23T21:55:59.930Z,1604,32,48318,80386,1.270,2.010,86.8,3,25,178.6,107,32,17,0.99,67151
2026-09-23T21:56:30.113Z,1605,26,48361,80455,1.370,1.760,100.7,1,27,143.0,107,32,18,0.00,67181
2026-09-23T21:57:10.164Z,1606,22,48389,80507,1.410,1.760,88.0,1,29,175.1,103,33,18,0.80,67221
2026-09-23T21:57:40.418Z,1607,20,48394,80534,1.630,1.560,87.4,0,0,100.0,114,36,18,0.21,67251
2026-09-23T21:58:32.578Z,1608,20,48421,80581,1.210,1.760,88.2,0,0,100.0,111,39,18,0.00,67304
2026-09-23T21:59:08.600Z,1609,23,48463,80640,1.560,1.470,103.4,1,4,195.1,108,38,18,0.86,67340
2026-09-23T22:00:06.772Z,1610,29,48481,80672,1.210,1.590,104.3,2,16,181.0,98,42,18,0.92,67398
2026-09-23T22:00:35.010Z,1611,21,48488,80707,1.440,1.630,93.7,1,21,179.9,111,34,17,0.04,67426
2026-09-23T22:01:21.130Z,1612,19,48497,80738,1.590,1.910,93.0,1,18,181.7,113,34,17,0.26,67472
2026-09-23T22:02:09.224Z,1613,25,48510,80765,1.290,1.800,82.5,1,14,188.1,119,29,18,0.84,67520
2026-09-23T22:02:39.376Z,1614,29,48563,80834,1.250,2.000,72.4,3,24,180.1,100,37,18,0.17,67550
2026-09-23T22:03:17.754Z,1615,21,48589,80888,1.530,1.990,100.0,1,11,184.5,110,35,17,0.44,67589
2026-09-23T22:03:45.634Z,1616,31,48629,80938,1.100,1.670,103.5,3,24,180.0,105,38,18,0.46,67617
2026-09-23T22:04:21.316Z,1617,24,48653,80989,1.360,1.660,82.9,2,81,144.9,108,26,18,0.25,67652
2026-09-23T22:05:09.894Z,1618,22,48753,81111,1.600,1.870,83.1,1,10,185.7,110,34,18,0.81,67701
2026-09-23T22:06:04.128Z,1619,26,48772,81146,1.400,1.970,75.1,2,31,175.6,101,40,18,0.98,67755
2026-09-23T22:06:28.107Z,1620,22,48779,81177,1.570,1.810,89.8,1,3,188.6,116,32,17,0.03,67779
2026-09-23T22:07:08.262Z,1621,28,48801,81213,0.980,1.680,83.5,1,18,180.7,107,37,18,0.87,67819
2026-09-23T22:07:44.420Z,1622,21,48837,81276,1.580,2.200,81.5,1,8,186.1,108,37,13,0.40,67855
2026-09-23T22:08:40.697Z,1623,29,48868,81319,1.200,1.480,77.3,1,6,98.3,114,35,18,0.22,67912
2026-09-23T22:09:28.758Z,1624,22,48897,81375,1.530,1.760,106.0,1,18,269.7,112,31,19,0.02,67960
2026-09-23T22:09:58.925Z,1625,26,48914,81408,1.320,1.700,96.3,2,32,179.7,108,29,19,0.98,67990
2026-09-23T22:10:31.094Z,1626,25,48929,81444,1.280,1.620,89.4,1,5,173.0,119,27,19,0.00,68022
2026-09-23T22:11:05.236Z,1627,21,48942,81481,1.790,1.700,88.7,1,16,182.2,109,35,19,0.96,68056
2026-09-23T22:11:43.314Z,1628,23,48946,81503,1.410,1.600,102.6,1,1,189.5,114,34,19,0.34,68094
2026-09-23T22:12:15.444Z,1629,23,48965,81542,1.200,1.570,100.8,2,19,184.7,103,43,19,0.55,68126
2026-09-23T22:12:45.461Z,1630,19,48974,81575,1.850,1.960,85.1,1,28,178.1,111,39,19,0.45,68156
2026-09-23T22:13:18.131Z,1631,21,48980,81599,1.640,1.910,101.2,1,6,186.7,108,40,19,0.43,68189
2026-09-23T22:14:25.929Z,1632,24,48999,81635,1.560,2.000,84.0,1,10,184.4,102,43,18,0.08,68257
2026-09-23T22:14:51.945Z,1633,27,49018,81671,1.260,1.590,86.2,1,10,185.9,106,38,18,0.78,68283
2026-09-23T22:15:28.045Z,1634,26,49040,81714,1.300,1.560,95.0,2,15,182.3,113,30,18,0.03,68319
2026-09-23T22:15:53.999Z,1635,28,49057,81749,1.200,1.800,83.7,3,9,118.0,112,33,18,0.86,68345
2026-09-23T22:16:28.303Z,1636,23,49119,81836,1.520,1.280,85.0,3,30,176.4,96,41,18,0.03,68379
2026-09-23T22:16:58.365Z,1637,27,49127,81860,1.300,1.500,89.9,1,6,112.7,116,32,18,0.98,68409
2026-09-23T22:17:44.553Z,1638,27,49158,81911,1.250,1.700,74.4,1,5,107.5,103,45,18,0.41,68456
2026-09-23T22:18:14.600Z,1639,20,49167,81947,1.760,1.610,94.0,0,0,100.0,117,33,18,0.59,68486
2026-09-23T22:18:54.787Z,1640,26,49185,81979,1.300,1.380,83.5,1,24,266.3,111,33,18,0.89,68526
2026-09-23T22:19:26.854Z,1641,30,49207,82017,1.340,1.950,94.1,2,5,130.4,101,40,18,0.05,68558
2026-09-23T22:20:15.111Z,1642,20,49229,82069,1.680,1.820,82.1,1,25,177.6,110,33,18,0.56,68606
2026-09-23T22:21:31.373Z,1643,24,49254,82110,1.260,1.980,88.6,1,28,144.5,116,28,18,0.00,68682
2026-09-23T22:22:45.567Z,1644,23,49270,82147,1.400,1.530,104.3,1,1,189.6,110,36,18,0.46,68757
2026-09-23T22:23:23.744Z,1645,22,49284,82182,1.490,1.730,86.3,1,17,181.8,103,46,18,0.15,68795
2026-09-23T22:23:57.807Z,1646,28,49298,82210,1.210,1.530,84.3,2,6,98.5,113,34,18,0.97,68829
2026-09-23T22:24:32.016Z,1647,26,49331,82265,1.360,1.650,82.6,1,19,181.7,109,31,17,0.00,68863
2026-09-23T22:25:32.263Z,1648,28,49344,82296,1.200,2.160,83.3,2,25,99.9,99,46,18,0.00,68923
2026-09-23T22:26:10.413Z,1649,26,49378,82352,1.360,1.670,96.4,2,19,193.6,107,34,18,0.79,68961
2026-09-23T22:26:56.597Z,1650,20,49402,82402,1.550,1.630,106.0,1,34,176.0,110,39,17,0.94,69008
2026-09-23T22:27:36.685Z,1651,24,49428,82444,1.400,1.600,75.2,1,1,189.6,111,37,17,0.08,69048
2026-09-23T22:28:40.944Z,1652,25,49477,82512,1.560,1.730,97.4,1,24,179.2,122,21,17,0.23,69112
2026-09-23T22:29:10.963Z,1653,20,49499,82559,1.400,1.770,99.5,0,0,100.0,108,42,18,0.77,69142
2026-09-23T22:30:05.257Z,1654,25,49516,82591,1.330,1.830,88.5,2,10,139.7,104,38,17,0.96,69196
2026-09-23T22:30:45.302Z,1655,23,49533,82630,1.390,1.700,84.2,1,13,183.3,109,36,18,0.44,69236
2026-09-23T22:31:15.468Z,1656,25,49542,82657,1.410,1.780,98.9,1,12,183.5,101,37,17,0.55,69266
2026-09-23T22:31:51.507Z,1657,23,49567,82704,1.500,1.750,89.4,2,19,119.8,107,40,17,0.76,69303
2026-09-23T22:32:29.648Z,1658,25,49576,82731,1.360,1.720,81.7,2,10,185.7,116,30,18,0.01,69341
2026-09-23T22:33:03.806Z,1659,25,49596,82771,1.400,1.780,83.0,1,12,182.6,112,34,18,0.98,69375
2026-09-23T22:33:51.691Z,1660,22,49617,82815,1.450,1.570,92.8,2,47,172.4,100,34,17,0.76,69423
2026-09-23T22:34:22.040Z,1661,25,49624,82839,1.360,1.900,79.6,1,19,182.0,108,39,17,0.22,69453
2026-09-23T22:34:52.186Z,1662,25,49648,82883,1.450,1.840,77.8,2,4,188.3,114,33,18,0.79,69483
2026-09-23T22:35:28.410Z,1663,25,49669,82924,1.260,1.860,87.4,1,1,99.7,114,35,18,0.02,69519
2026-09-23T22:36:03.564Z,1664,21,49698,82977,1.680,2.100,82.4,1,4,187.9,103,42,19,0.99,69555
2026-09-23T22:37:08.688Z,1665,29,49717,83008,1.160,1.650,85.1,2,31,174.7,107,29,18,0.86,69620
2026-09-23T22:37:42.760Z,1666,22,49727,83045,1.630,2.000,75.5,1,14,182.6,104,46,18,0.32,69654
2026-09-23T22:38:31.027Z,1667,27,49740,83073,1.330,1.670,95.2,2,8,102.6,103,42,18,0.00,69702
2026-09-23T22:39:03.069Z,1668,45,49805,83140,0.910,1.920,84.4,3,30,172.4,94,41,18,0.99,69734
2026-09-23T22:39:31.117Z,1669,20,49868,83248,1.530,1.610,87.6,0,0,100.0,111,39,18,0.00,69762
2026-09-23T22:40:29.392Z,1670,23,49885,83282,1.370,1.800,106.7,1,1,189.6,114,35,18,0.01,69820
2026-09-23T22:41:03.449Z,1671,21,49904,83323,1.660,1.830,82.2,1,30,182.4,116,28,18,0.99,69854
2026-09-23T22:41:41.571Z,1672,23,49915,83352,1.440,1.780,99.9,1,2,99.5,116,34,18,0.26,69893
2026-09-23T22:42:11.801Z,1673,24,49938,83394,1.490,1.940,84.1,2,5,112.0,112,35,18,0.73,69923
2026-09-23T22:42:51.817Z,1674,23,49971,83448,1.450,1.550,100.4,2,11,190.5,105,40,18,0.77,69963
2026-09-23T22:43:34.089Z,1675,26,49989,83483,1.350,1.810,98.5,3,16,180.2,112,30,17,0.02,70005
2026-09-23T22:44:14.170Z,1676,23,50001,83518,1.390,1.930,89.9,1,20,224.7,103,43,18,0.62,70045
2026-09-23T22:44:52.328Z,1677,22,50009,83547,1.410,1.670,96.4,1,8,231.1,114,34,18,0.79,70083
2026-09-23T22:45:21.982Z,1678,23,50065,83622,1.360,1.890,92.5,3,107,144.3,98,28,18,0.22,70113
2026-09-23T22:45:36.469Z,1679,25,50076,83651,1.300,1.840,87.6,2,31,177.1,103,39,18,0.07,70127
2026-09-23T22:46:38.612Z,1680,24,50092,83688,1.330,1.890,90.0,1,6,186.3,122,27,19,0.14,70190
2026-09-23T22:47:10.723Z,1681,21,50153,83772,1.520,1.470,81.2,2,28,179.2,101,41,18,0.78,70222
2026-09-23T22:47:42.962Z,1682,28,50168,83800,1.240,1.890,82.4,2,24,179.2,106,37,18,0.32,70254
2026-09-23T22:48:10.978Z,1683,25,50225,83880,1.490,1.750,73.2,1,6,104.4,108,40,18,0.77,70282
2026-09-23T22:48:39.146Z,1684,46,50266,83920,0.910,2.260,99.8,3,58,90.4,91,41,18,0.16,70310
2026-09-23T22:49:22.041Z,1685,25,50295,83990,1.260,2.130,87.6,1,48,253.1,100,39,18,0.22,70353
2026-09-23T22:49:57.412Z,1686,25,50305,84020,1.330,2.140,91.7,1,3,105.7,112,37,18,0.96,70388
2026-09-23T22:50:35.579Z,1687,25,50327,84062,1.270,1.770,85.7,2,3,99.2,110,37,17,0.05,70427
2026-09-23T22:51:07.629Z,1688,25,50339,84094,1.270,2.120,82.5,1,2,128.8,106,44,19,0.90,70459
2026-09-23T22:51:37.665Z,1689,29,50408,84179,1.250,2.000,70.7,2,28,179.0,106,33,18,0.10,70489
2026-09-23T22:52:15.863Z,1690,22,50434,84232,1.370,1.670,85.6,1,22,187.6,110,33,17,0.53,70527
2026-09-23T22:53:04.048Z,1691,25,50454,84269,1.470,1.770,86.4,2,18,172.8,109,37,18,0.98,70575
2026-09-23T22:53:46.177Z,1692,32,50505,84333,1.120,1.430,83.5,2,25,176.8,101,47,18,0.49,70617
2026-09-23T22:54:12.192Z,1693,33,50527,84374,1.120,2.140,89.8,3,24,180.2,104,30,17,0.71,70643
2026-09-23T22:54:58.377Z,1694,22,50569,84447,1.240,2.090,77.7,2,15,96.4,97,45,18,0.98,70689
2026-09-23T22:55:19.008Z,1695,26,50578,84472,1.300,1.580,92.2,2,9,97.6,118,29,18,0.38,70710
2026-09-23T22:55:46.956Z,1696,21,50595,84514,1.590,1.690,90.0,1,8,173.7,121,29,18,0.53,70738
2026-09-23T22:56:36.762Z,1697,27,50712,84645,1.260,1.480,93.7,1,2,99.4,111,37,17,0.08,70788
2026-09-23T22:57:00.831Z,1698,25,50767,84722,1.380,1.900,74.3,3,18,182.5,105,40,18,1.00,70812
2026-09-23T22:57:38.940Z,1699,27,50794,84767,1.290,2.040,81.6,2,26,177.1,98,45,18,0.15,70850
2026-09-23T22:58:29.213Z,1700,26,50821,84815,1.260,1.640,96.3,2,12,185.4,105,42,18,0.01,70900
2026-09-23T22:58:59.279Z,1701,20,50870,84890,1.460,1.680,93.9,1,22,178.8,109,41,18,0.99,70930
2026-09-23T22:59:29.324Z,1702,23,50887,84924,1.420,1.630,72.8,2,18,221.1,116,29,18,0.01,70960
2026-09-23T23:00:13.566Z,1703,25,50896,84951,1.490,1.490,90.7,1,18,182.2,112,30,18,0.65,71005
2026-09-23T23:00:51.662Z,1704,20,50901,84981,1.560,1.650,91.8,0,23,179.0,111,37,19,0.76,71043
2026-09-23T23:01:25.872Z,1705,21,50911,85010,1.720,1.840,88.7,1,4,187.9,113,35,18,0.08,71077
2026-09-23T23:02:05.877Z,1706,26,50925,85039,1.590,1.350,99.5,2,30,172.1,98,42,18,0.95,71117
2026-09-23T23:02:31.988Z,1707,26,50932,85066,1.130,1.550,85.0,1,5,113.5,120,30,18,0.00,71143
2026-09-23T23:03:24.199Z,1708,23,50958,85115,1.310,1.690,90.6,2,12,185.3,110,39,16,0.14,71195
2026-09-23T23:04:24.420Z,1709,26,51004,85178,1.140,1.520,96.9,2,16,188.2,105,36,18,0.13,71255
2026-09-23T23:05:22.083Z,1710,25,51015,85210,1.260,1.840,93.8,4,51,85.1,112,34,17,0.22,71313
2026-09-23T23:06:06.814Z,1711,30,51042,85252,1.190,1.860,89.6,2,30,150.1,113,32,17,0.92,71358
2026-09-23T23:06:58.929Z,1712,27,51073,85306,1.240,1.620,89.9,2,30,175.8,105,38,18,0.98,71410
2026-09-23T23:07:35.118Z,1713,25,51089,85344,1.300,1.510,103.6,1,3,99.1,119,30,18,0.04,71446
2026-09-23T23:08:24.292Z,1714,22,51119,85397,1.090,1.670,89.4,2,13,184.2,107,40,18,0.13,71495
2026-09-23T23:08:55.352Z,1715,32,51162,85450,1.220,1.930,82.6,2,17,189.6,110,33,17,0.90,71526
2026-09-23T23:09:41.541Z,1716,30,51285,85595,1.180,1.810,93.8,3,20,180.9,109,29,18,0.26,71572
2026-09-23T23:10:25.676Z,1717,29,51311,85642,1.300,1.420,98.6,2,26,96.3,106,39,17,0.09,71617
2026-09-23T23:11:18.262Z,1718,31,51338,85687,1.150,1.680,73.9,1,15,173.4,109,34,18,0.42,71669
2026-09-23T23:11:52.019Z,1719,29,51358,85729,1.070,1.620,89.2,3,25,114.9,112,32,18,0.78,71703
2026-09-23T23:12:40.171Z,1720,28,51379,85771,1.220,1.240,84.9,3,17,182.7,99,44,18,0.20,71751
2026-09-23T23:13:36.391Z,1721,24,51395,85811,1.330,1.670,90.3,1,2,189.1,100,45,17,0.07,71807
2026-09-23T23:14:16.450Z,1722,21,51409,85848,1.610,1.890,84.9,1,27,174.7,110,37,17,0.50,71847
2026-09-23T23:15:00.666Z,1723,23,51426,85883,1.360,1.730,85.3,1,2,99.4,112,38,17,1.00,71892
2026-09-23T23:15:34.765Z,1724,21,51444,85923,1.520,1.830,104.2,1,8,230.1,115,29,18,0.03,71926
2026-09-23T23:16:12.971Z,1725,24,51467,85963,1.370,1.780,81.9,1,7,186.9,108,37,18,0.68,71964
2026-09-23T23:16:45.014Z,1726,33,51502,86009,1.170,2.090,93.3,2,27,175.5,106,27,18,0.43,71996
2026-09-23T23:17:47.432Z,1727,23,51524,86061,1.520,1.730,83.5,1,25,173.1,111,37,18,0.55,72058
2026-09-23T23:18:29.467Z,1728,21,51531,86090,1.490,1.830,88.0,1,1,189.6,113,36,18,0.01,72100
2026-09-23T23:19:23.598Z,1729,23,51572,86149,1.160,1.970,75.2,1,11,189.4,107,40,18,0.16,72155
2026-09-23T23:19:53.653Z,1730,24,51623,86219,1.640,1.820,110.0,1,5,99.5,103,44,18,0.84,72185
2026-09-23T23:20:25.798Z,1731,20,51625,86245,1.420,1.840,94.7,0,0,100.0,106,44,18,0.08,72217
2026-09-23T23:21:28.006Z,1732,32,51674,86302,1.110,2.050,87.6,2,14,148.1,102,41,17,0.03,72279
2026-09-23T23:22:04.104Z,1733,27,51689,86342,1.280,1.700,103.5,3,28,176.7,104,45,17,0.98,72315
2026-09-23T23:22:38.255Z,1734,22,51699,86377,1.270,1.800,84.1,1,3,99.3,113,37,17,0.12,72349
2026-09-23T23:23:04.367Z,1735,20,51723,86423,1.600,1.900,91.3,0,23,177.2,110,36,16,0.98,72375
2026-09-23T23:23:40.557Z,1736,27,51738,86451,1.130,1.560,98.6,2,17,115.3,113,31,17,0.21,72411
2026-09-23T23:24:26.610Z,1737,22,51763,86501,1.500,1.410,86.6,1,1,189.5,106,43,16,0.06,72458
2026-09-23T23:24:54.756Z,1738,23,51777,86534,1.410,2.150,93.7,1,27,185.5,110,34,17,0.88,72486
2026-09-23T23:25:32.858Z,1739,22,51801,86579,1.470,1.830,85.2,1,5,98.6,117,33,17,0.01,72524
2026-09-23T23:26:02.999Z,1740,22,51817,86615,1.400,1.570,87.3,1,9,163.7,105,42,17,0.99,72554
2026-09-23T23:26:25.080Z,1741,23,51824,86641,1.390,1.790,96.4,1,3,99.5,118,30,17,0.11,72576
2026-09-23T23:27:39.360Z,1742,20,51929,86769,1.590,1.590,72.3,1,24,185.3,107,43,17,0.16,72650
2026-09-23T23:28:27.456Z,1743,22,51932,86790,1.510,1.770,83.5,1,3,188.6,122,27,17,0.04,72698
2026-09-23T23:29:09.671Z,1744,23,51950,86827,1.450,1.570,92.8,1,23,199.4,104,40,17,0.82,72741
2026-09-23T23:29:41.825Z,1745,19,51953,86854,1.710,1.940,81.8,0,15,184.5,122,27,16,0.27,72773
2026-09-23T23:31:01.998Z,1746,26,51998,86912,1.200,1.530,93.5,1,3,99.3,117,31,17,1.00,72853
2026-09-23T23:31:46.257Z,1747,28,52030,86962,1.330,1.540,86.2,2,13,182.3,105,36,16,0.49,72897
2026-09-23T23:32:46.379Z,1748,20,52052,87012,1.620,1.510,94.5,1,23,180.5,112,36,16,0.50,72957
2026-09-23T23:33:22.512Z,1749,20,52056,87036,1.370,1.670,98.6,0,0,100.0,118,32,17,0.20,72993
2026-09-23T23:34:08.688Z,1750,20,52083,87083,1.840,1.840,91.4,0,0,100.0,117,33,17,0.86,73040
2026-09-23T23:34:54.865Z,1751,25,52097,87112,1.310,1.510,91.4,1,14,184.8,110,38,17,0.89,73086
2026-09-23T23:35:28.938Z,1752,26,52159,87193,1.250,1.710,93.1,2,26,177.9,102,34,17,0.02,73120
2026-09-23T23:36:18.063Z,1753,23,52165,87222,1.470,1.540,83.1,1,12,185.0,109,35,17,0.42,73169
2026-09-23T23:37:05.293Z,1754,22,52187,87265,1.490,1.560,83.7,1,6,142.8,108,41,17,0.96,73216
2026-09-23T23:37:55.517Z,1755,22,52194,87292,1.610,1.640,91.0,1,10,113.0,113,37,17,0.91,73266
2026-09-23T23:38:45.687Z,1756,22,52202,87320,1.490,1.770,96.4,1,27,174.6,109,35,17,0.46,73317
2026-09-23T23:39:07.698Z,1757,29,52219,87350,1.210,1.850,87.9,5,17,181.2,112,30,17,0.90,73339
2026-09-23T23:40:01.940Z,1758,25,52283,87438,1.320,1.940,96.3,1,2,114.3,102,45,17,1.00,73393
2026-09-23T23:40:34.087Z,1759,20,52305,87485,1.440,2.160,100.8,1,20,92.6,109,40,17,0.02,73425
2026-09-23T23:41:22.259Z,1760,30,52320,87510,1.280,1.830,72.5,2,18,182.1,110,34,18,0.21,73473
2026-09-23T23:41:56.357Z,1761,24,52364,87580,1.470,1.890,99.1,2,20,178.2,115,32,19,0.93,73507
2026-09-23T23:42:24.484Z,1762,22,52372,87610,1.560,1.700,91.8,1,17,181.4,115,28,19,0.13,73535
2026-09-23T23:42:50.483Z,1763,23,52386,87643,1.380,1.710,84.6,1,1,99.7,109,41,19,0.70,73561
2026-09-23T23:43:44.708Z,1764,25,52407,87682,1.310,2.160,97.3,2,17,181.0,109,32,19,0.41,73616
2026-09-23T23:44:22.900Z,1765,22,52422,87720,1.340,1.730,75.6,1,1,189.6,110,39,18,0.19,73654
2026-09-23T23:44:54.955Z,1766,21,52442,87761,1.510,1.650,102.8,1,7,104.0,107,42,18,0.89,73686
2026-09-23T23:45:45.205Z,1767,25,52460,87795,1.330,1.600,96.0,3,26,175.9,109,28,19,0.43,73736
2026-09-23T23:47:01.372Z,1768,19,52468,87829,1.610,2.250,103.0,1,14,181.3,109,41,19,1.00,73812
2026-09-23T23:47:41.516Z,1769,29,52499,87870,1.150,1.830,103.6,3,23,180.3,108,34,18,0.25,73852
2026-09-23T23:48:01.712Z,1770,24,52524,87920,1.470,1.630,97.5,2,21,179.8,114,30,19,1.00,73873
2026-09-23T23:48:43.706Z,1771,20,52537,87957,1.520,1.650,85.6,1,15,183.7,110,38,18,0.36,73915
2026-09-23T23:50:04.051Z,1772,24,52568,88004,1.240,1.480,91.5,2,21,196.1,110,31,18,0.98,73995
2026-09-23T23:50:24.124Z,1773,23,52581,88038,1.380,1.810,91.3,1,4,98.8,108,38,18,0.14,74015
2026-09-23T23:50:48.581Z,1774,23,52613,88090,1.560,1.790,86.9,1,2,128.9,110,40,18,0.59,74039
2026-09-23T23:51:16.350Z,1775,26,52636,88130,1.320,1.820,79.5,1,19,179.5,97,50,18,0.51,74067
2026-09-23T23:51:56.387Z,1776,27,52656,88169,1.190,2.040,93.9,2,27,177.8,106,34,18,0.93,74107
2026-09-23T23:52:40.630Z,1777,23,52730,88267,1.330,1.780,79.2,1,1,144.8,116,32,17,0.21,74152
2026-09-23T23:53:22.394Z,1778,31,52757,88306,1.040,1.530,81.7,2,3,188.6,117,25,18,0.21,74193
2026-09-23T23:54:00.821Z,1779,24,52817,88393,1.500,1.900,73.5,1,4,188.0,120,28,18,1.00,74232
2026-09-23T23:54:33.007Z,1780,19,52899,88500,1.740,1.920,89.9,0,15,186.5,108,41,17,0.01,74264
2026-09-23T23:55:05.153Z,1781,31,52917,88526,1.240,2.040,73.5,4,27,172.8,113,30,18,0.96,74296
2026-09-23T23:55:35.223Z,1782,23,52922,88559,1.460,1.840,99.9,1,1,99.8,117,33,18,0.04,74326
2026-09-23T23:56:20.173Z,1783,19,52944,88605,1.700,1.710,85.1,1,5,107.5,114,34,17,0.33,74371
2026-09-23T23:56:47.800Z,1784,26,52968,88642,1.360,1.500,106.0,1,8,97.9,114,34,18,0.57,74399
2026-09-23T23:57:20.376Z,1785,28,53006,88698,1.240,1.730,81.8,1,4,98.8,112,36,17,0.32,74431
2026-09-23T23:58:05.789Z,1786,27,53060,88773,1.320,1.530,89.6,3,31,117.3,112,31,17,0.95,74477
2026-09-23T23:59:01.977Z,1787,23,53078,88815,1.600,1.680,102.2,1,11,183.7,101,43,17,1.00,74533
2026-09-23T23:59:36.111Z,1788,32,53095,88843,1.230,1.530,93.4,1,19,178.7,108,34,17,0.06,74567
2026-09-24T00:00:54.348Z,1789,27,53115,88888,1.350,1.680,74.6,2,28,179.8,104,41,18,0.87,74645
2026-09-24T00:01:46.575Z,1790,25,53135,88930,1.380,1.790,91.5,1,5,187.8,108,40,17,0.51,74697
2026-09-24T00:02:22.675Z,1791,23,53201,89018,1.370,1.900,92.2,1,23,139.7,107,42,17,0.20,74734
2026-09-24T00:03:02.818Z,1792,23,53216,89053,1.250,2.120,101.0,1,3,136.0,120,28,17,1.00,74774
2026-09-24T00:03:43.000Z,1793,21,53237,89096,1.590,1.770,98.0,1,14,183.6,107,41,18,0.32,74814
2026-09-24T00:04:11.065Z,1794,28,53250,89122,1.240,1.990,81.3,1,14,184.1,109,35,17,0.77,74842
2026-09-24T00:04:37.065Z,1795,29,53285,89176,1.240,1.820,87.5,2,20,269.5,99,41,17,0.08,74868
2026-09-24T00:05:07.283Z,1796,29,53316,89227,1.340,1.620,88.9,2,28,106.9,113,28,17,0.91,74898
2026-09-24T00:05:47.734Z,1797,29,53340,89271,1.160,1.440,101.9,4,35,138.6,110,35,18,0.56,74939
2026-09-24T00:06:15.433Z,1798,25,53374,89329,1.400,1.800,91.7,1,18,180.8,103,43,17,0.55,74966
2026-09-24T00:07:07.653Z,1799,23,53387,89364,1.430,1.820,86.1,1,9,111.5,107,43,18,0.90,75019
2026-09-24T00:07:43.841Z,1800,26,53400,89394,1.330,1.520,90.3,1,11,98.9,104,42,17,0.36,75055
2026-09-24T00:08:18.318Z,1801,27,53408,89421,1.230,2.120,84.4,1,3,113.7,117,32,17,0.42,75089
2026-09-24T00:09:06.135Z,1802,24,53424,89460,1.280,1.630,91.9,2,20,181.0,104,43,18,0.94,75137
2026-09-24T00:09:40.284Z,1803,23,53451,89508,1.380,1.990,88.8,1,6,187.4,114,34,18,0.20,75171
2026-09-24T00:10:10.343Z,1804,37,53522,89585,1.000,1.740,86.2,2,18,124.8,101,29,18,0.80,75201
2026-09-24T00:10:38.432Z,1805,24,53541,89637,1.310,1.800,92.8,1,4,187.5,113,33,18,0.13,75229
2026-09-24T00:11:14.550Z,1806,23,53560,89677,1.380,1.360,85.1,1,4,188.2,113,34,18,0.60,75265
2026-09-24T00:12:00.736Z,1807,20,53583,89723,1.340,1.550,90.1,0,0,100.0,116,34,18,1.00,75312
2026-09-24T00:12:24.795Z,1808,23,53609,89766,1.430,1.770,83.9,1,9,185.5,110,34,18,0.12,75336
2026-09-24T00:13:31.049Z,1809,22,53651,89829,1.620,1.700,94.8,1,30,179.7,122,20,18,0.00,75402
2026-09-24T00:14:29.213Z,1810,22,53658,89856,1.440,1.680,90.6,1,19,269.4,105,40,18,0.01,75460
2026-09-24T00:15:05.301Z,1811,30,53675,89885,1.200,1.470,101.1,2,9,186.4,102,41,18,0.96,75496
2026-09-24T00:15:43.506Z,1812,26,53693,89927,1.210,1.920,93.9,2,9,115.0,109,41,13,0.35,75534
2026-09-24T00:16:29.697Z,1813,36,53739,89983,1.120,2.010,91.6,3,21,94.4,113,25,17,0.01,75581
2026-09-24T00:17:17.954Z,1814,22,53779,90057,1.530,1.870,86.3,1,2,189.0,103,44,18,0.43,75629
2026-09-24T00:17:55.957Z,1815,22,53788,90086,1.480,1.520,88.8,1,11,184.6,116,30,17,0.92,75667
2026-09-24T00:18:22.788Z,1816,27,53810,90123,1.280,1.390,102.6,1,26,94.6,101,46,17,0.19,75694
2026-09-24T00:18:52.086Z,1817,25,53840,90175,1.380,1.620,87.9,2,14,272.2,104,37,17,0.78,75723
2026-09-24T00:19:36.356Z,1818,24,53864,90220,1.450,1.660,83.4,2,5,119.8,114,32,17,0.06,75767
2026-09-24T00:20:34.527Z,1819,26,53889,90263,1.230,1.970,102.6,2,28,179.4,106,37,17,0.03,75825
2026-09-24T00:21:04.597Z,1820,23,53909,90306,1.310,2.000,106.1,1,2,99.5,110,40,17,0.97,75855
2026-09-24T00:22:19.056Z,1821,21,53919,90338,1.770,1.950,106.4,1,9,185.1,113,34,17,0.37,75930
2026-09-24T00:23:21.187Z,1822,24,53925,90361,1.330,1.680,101.1,1,3,188.6,110,36,17,0.26,75992
2026-09-24T00:23:57.168Z,1823,22,53945,90403,1.390,1.880,80.6,2,21,137.9,105,40,17,0.95,76028
2026-09-24T00:24:23.254Z,1824,29,53959,90430,1.240,1.790,85.9,3,23,179.7,106,34,17,0.17,76054
2026-09-24T00:25:03.390Z,1825,22,53977,90475,1.330,1.510,82.8,1,17,181.7,108,35,19,0.99,76094
2026-09-24T00:25:39.568Z,1826,26,53992,90506,1.220,1.570,74.8,2,30,174.6,110,36,17,0.17,76130
2026-09-24T00:26:15.782Z,1827,23,54012,90549,1.640,1.940,93.4,2,34,172.7,110,37,17,0.54,76167
2026-09-24T00:26:41.893Z,1828,30,54030,90580,1.180,1.920,88.5,4,20,95.0,108,35,16,0.27,76193
2026-09-24T00:27:15.936Z,1829,20,54068,90648,1.580,1.850,91.8,1,9,251.2,114,36,18,0.53,76227
2026-09-24T00:28:04.034Z,1830,24,54087,90683,1.470,1.820,91.0,2,16,154.4,114,30,17,0.98,76275
2026-09-24T00:29:16.316Z,1831,21,54127,90746,1.650,1.490,78.0,1,24,192.7,107,42,18,0.51,76347
2026-09-24T00:29:56.561Z,1832,23,54140,90777,1.480,1.990,90.9,2,16,183.5,114,34,17,0.93,76387
2026-09-24T00:30:49.041Z,1833,31,54171,90820,1.190,1.870,86.5,2,24,178.4,111,29,17,0.61,76440
2026-09-24T00:31:26.876Z,1834,18,54190,90872,1.490,1.710,95.3,1,21,120.0,109,41,17,0.06,76478
2026-09-24T00:32:06.957Z,1835,23,54217,90914,1.440,1.660,103.2,2,10,185.6,112,35,16,0.92,76518
2026-09-24T00:32:41.054Z,1836,29,54244,90955,1.100,1.930,95.5,2,18,124.3,109,36,16,0.23,76552
2026-09-24T00:33:11.163Z,1837,23,54291,91028,1.560,1.540,87.8,2,28,134.0,110,38,17,0.77,76582
2026-09-24T00:34:03.391Z,1838,21,54306,91065,1.710,1.820,86.2,1,11,183.7,112,36,17,0.99,76634
2026-09-24T00:34:43.530Z,1839,22,54313,91091,1.450,1.560,94.0,1,7,106.9,120,28,17,0.35,76674
2026-09-24T00:35:37.672Z,1840,31,54346,91135,1.010,2.050,73.0,2,4,99.0,101,45,17,0.10,76729
2026-09-24T00:36:23.652Z,1841,25,54399,91214,1.490,1.620,91.3,1,4,188.5,105,40,17,0.16,76775
2026-09-24T00:36:52.817Z,1842,21,54409,91248,1.510,2.030,91.5,1,27,175.7,110,37,17,0.81,76804
2026-09-24T00:37:54.168Z,1843,24,54418,91274,1.350,1.610,91.4,1,19,146.7,113,34,17,0.86,76865
2026-09-24T00:38:42.335Z,1844,24,54443,91319,1.400,1.580,88.3,1,2,106.6,108,40,18,0.29,76913
2026-09-24T00:39:16.443Z,1845,26,54454,91348,1.490,1.490,91.5,2,20,254.3,108,31,16,0.50,76947
2026-09-24T00:40:02.581Z,1846,27,54465,91378,1.270,1.750,77.9,2,9,184.9,111,36,17,1.00,76993
2026-09-24T00:40:36.787Z,1847,23,54550,91487,1.330,1.790,85.2,1,10,183.7,111,35,17,0.07,77028
2026-09-24T00:41:28.894Z,1848,32,54648,91596,1.110,1.730,79.1,3,21,93.0,101,39,17,0.02,77080
2026-09-24T00:41:56.998Z,1849,31,54669,91638,1.140,2.350,89.8,3,21,179.7,108,32,17,0.95,77108
2026-09-24T00:42:33.091Z,1850,22,54705,91703,1.540,1.550,85.5,2,18,182.2,114,25,17,0.01,77144
2026-09-24T00:43:01.517Z,1851,29,54718,91729,1.170,1.520,96.0,2,9,185.7,115,29,17,1.00,77172
2026-09-24T00:43:53.439Z,1852,29,54799,91830,1.070,1.690,77.2,2,14,95.8,109,34,17,0.83,77224
2026-09-24T00:44:48.032Z,1853,26,54832,91886,1.400,1.850,91.3,2,20,181.5,114,32,16,0.57,77279
2026-09-24T00:45:52.897Z,1854,23,54845,91922,1.220,2.060,80.0,2,106,172.0,101,34,16,0.81,77344
2026-09-24T00:46:22.908Z,1855,34,54865,91951,1.060,1.980,100.5,2,52,164.5,101,31,17,0.19,77374
2026-09-24T00:46:46.033Z,1856,20,54891,92011,1.560,1.680,87.4,1,32,177.9,111,38,17,0.47,77397
2026-09-24T00:47:28.160Z,1857,21,54898,92037,1.600,1.690,84.8,1,6,98.5,114,34,16,0.03,77439
2026-09-24T00:48:22.305Z,1858,23,54925,92082,1.440,1.480,96.4,2,9,97.7,101,45,16,0.22,77493
2026-09-24T00:48:54.443Z,1859,24,54933,92109,1.300,1.800,82.4,2,31,263.8,104,43,17,0.87,77525
2026-09-24T00:49:34.588Z,1860,23,54994,92191,1.420,1.680,113.7,1,5,127.9,115,34,17,0.03,77565
2026-09-24T00:50:22.755Z,1861,21,55008,92227,1.490,1.670,97.9,1,7,186.5,118,29,17,0.20,77614
2026-09-24T00:50:46.908Z,1862,27,55022,92255,1.320,1.720,98.8,3,8,186.3,119,23,17,0.52,77638
2026-09-24T00:51:28.983Z,1863,21,55097,92356,1.330,1.670,100.7,1,17,140.4,118,32,16,0.02,77680
2026-09-24T00:52:01.055Z,1864,26,55110,92384,1.570,1.750,88.2,1,7,156.0,114,26,17,1.00,77712
2026-09-24T00:53:27.446Z,1865,25,55194,92489,1.280,1.720,75.2,1,2,99.6,104,45,17,0.04,77798
2026-09-24T00:53:55.553Z,1866,26,55218,92532,1.310,1.830,99.3,1,9,96.6,109,36,18,0.91,77826
2026-09-24T00:54:23.561Z,1867,20,55230,92570,1.450,1.780,98.6,0,0,100.0,107,43,18,0.16,77854
2026-09-24T00:55:13.820Z,1868,23,55276,92633,1.570,1.540,91.5,1,27,215.0,115,28,17,0.64,77905
2026-09-24T00:55:57.910Z,1869,21,55290,92669,1.580,2.060,87.4,2,31,175.2,99,48,18,0.96,77949
2026-09-24T00:56:25.988Z,1870,26,55312,92706,1.260,2.010,101.9,2,12,184.7,115,33,18,0.08,77977
2026-09-24T00:57:04.176Z,1871,20,55356,92776,1.520,1.480,84.1,0,0,100.0,112,38,18,0.98,78015
2026-09-24T00:57:48.871Z,1872,22,55381,92819,1.410,1.800,85.9,1,4,188.3,108,39,18,0.60,78059
2026-09-24T00:58:34.489Z,1873,22,55409,92867,1.560,1.850,86.1,1,3,143.0,115,33,17,0.02,78105
2026-09-24T00:59:14.626Z,1874,23,55473,92950,1.550,2.050,79.5,1,4,142.7,116,32,17,0.60,78145
2026-09-24T00:59:54.731Z,1875,23,55484,92981,1.610,1.920,84.0,1,17,184.1,109,37,17,0.88,78186
2026-09-24T01:00:45.048Z,1876,29,55502,93013,1.260,1.700,93.5,2,6,186.6,102,43,17,0.42,78236
2026-09-24T01:01:17.010Z,1877,25,55528,93063,1.410,1.660,90.4,2,9,186.4,114,32,18,0.47,78268
2026-09-24T01:01:55.197Z,1878,23,55547,93104,1.540,1.980,111.9,1,21,181.2,101,45,17,0.89,78306
2026-09-24T01:02:25.368Z,1879,30,55570,93140,1.140,2.000,99.3,2,21,175.8,115,28,18,0.10,78336
2026-09-24T01:03:17.483Z,1880,26,55595,93189,1.360,1.910,92.5,3,13,183.9,103,38,17,0.45,78388
2026-09-24T01:03:47.625Z,1881,22,55619,93237,1.340,1.760,68.1,1,27,270.4,108,35,17,0.56,78418
2026-09-24T01:04:41.866Z,1882,26,55632,93266,1.140,1.790,92.9,3,9,186.4,106,39,16,0.26,78473
2026-09-24T01:05:09.963Z,1883,22,55645,93303,1.420,1.870,93.0,1,24,94.7,98,51,16,0.82,78501
2026-09-24T01:05:43.958Z,1884,19,55653,93334,1.400,1.680,101.7,1,28,219.5,116,34,17,0.37,78535
2026-09-24T01:06:08.125Z,1885,21,55658,93357,1.400,1.930,79.5,1,25,185.0,111,38,18,0.89,78559
2026-09-24T01:06:46.425Z,1886,29,55674,93385,1.300,2.090,91.7,2,25,180.2,112,30,17,0.49,78597
